フォルダ名,科目コード,科目名,対象学年,クラスコード,講義室,開講学期,曜日・時限,単位区分,単位数
工学部,A0202000,技術者倫理,3年・4年,X1,１－３０３,後期,金Ⅲ,選択,2
工学部,A0203000,地球環境,3年・4年,X1,Ｇ１５２,後期,月Ⅰ,選択,2
工学部,A0204000,キャリア意識形成,2年,11,Ｇ３５０２,前期,月Ⅰ,選択,2
工学部,A0204000,キャリア意識形成,2年,21,Ｇ２３１１,後期,月Ⅱ,選択,2
工学部,A0209000,情報処理演習,3年・4年,X1,セ－実習室１,後期,金Ⅰ・金Ⅱ,選択,2
工学部,A0210000,キャリアデザイン,3年・4年,12,Ｇ２４０９,前期,火Ⅲ,選択,2
工学部,A0210000,キャリアデザイン,3年・4年,22,Ｇ１５１,前期,火Ⅲ,選択,2
工学部,A1011000,建築構造材料,2年・3年・4年,X1,１－５０２,前期,月Ⅲ,必修,2
工学部,A1030000,建築設備１,2年・3年・4年,X1,Ｇ２２１０,前期,火Ⅱ,必修・選択,2
工学部,A1041000,設計製図１,1年・2年・3年・4年,X1,２－Ｂ２０１,後期,火Ⅲ・火Ⅳ,必修,2
工学部,A1044000,設計製図４,3年・4年,X1,２－Ｂ２０１,前期,水Ⅲ・水Ⅳ・水Ⅴ,必修,3
工学部,A1045000,線形代数１,1年・2年・3年・4年,11,Ｇ２４０９,前期,月Ⅱ,必修,2
工学部,A1045000,線形代数１,1年・2年・3年・4年,21,Ｇ２３１１,前期,月Ⅱ,必修,2
工学部,A1048000,卒業研究,4年,X1,,通年,時間外,必修,4
工学部,A1052000,鉄筋コンクリート構造,2年,X1,１－５０２,後期,月Ⅳ,必修,2
工学部,A1052000,鉄筋コンクリート構造,3年・4年,再履１,１－４０１,後期,金Ⅱ,必修,2
工学部,A1054000,鉄骨構造,3年・4年,X1,Ｇ２５２,前期,月Ⅲ,必修,2
工学部,A1056000,都市計画１,3年・4年,X1,Ｇ２１１０,前期,水Ⅱ,必修,2
工学部,A1057000,微分積分１及び演習,1年,11,Ｇ２４０７,前期,木Ⅲ・木Ⅳ,必修,3
工学部,A1057000,微分積分１及び演習,1年,21,１－５０１,前期,木Ⅲ・木Ⅳ,必修,3
工学部,A1057000,微分積分１及び演習,1年・2年・3年・4年,31,Ｇ２５２,前期,木Ⅲ・木Ⅳ,必修,3
工学部,A1057000,微分積分１及び演習,1年・2年・3年・4年,再履１,Ｇ２２０８,後期,水Ⅴ・水Ⅵ,必修,3
工学部,A1057000,微分積分１及び演習,1年・2年・3年・4年,再履２,Ｇ２２０８,後期,木Ⅴ・木Ⅵ,必修,3
工学部,A1064000,物理学（力学）,1年,11,１－３０３,前期,金Ⅱ,必修,2
工学部,A1064000,物理学（力学）,1年,21,Ｇ３４０２,前期,金Ⅱ,必修,2
工学部,A1064000,物理学（力学）,1年・2年・3年・4年,31,Ｇ２２０８,前期,金Ⅱ,必修,2
工学部,A1064000,物理学（力学）,2年・3年・4年,再履１,Ｇ２２０９,前期,木Ⅴ,必修,2
工学部,A1064000,物理学（力学）,2年・3年・4年,再履２,Ｇ２２０８,前期,火Ⅴ,必修,2
工学部,A1064000,物理学（力学）,1年・2年・3年・4年,再履３,Ｇ２２０８,後期,火Ⅴ,必修,2
工学部,A1067000,設計製図２,2年・3年・4年,X1,２－Ｂ２０１,前期,金Ⅲ・金Ⅳ・金Ⅴ,必修,3
工学部,A1068000,設計製図３,2年・3年・4年,X1,２－Ｂ２０１,後期,金Ⅲ・金Ⅳ・金Ⅴ,必修,3
工学部,A1070000,住居計画,2年・3年・4年,X1,１－５０２,前期,月Ⅳ,必修,2
工学部,A1079000,西洋建築史,2年・3年・4年,X1,Ｇ２１１０,後期,月Ⅲ,必修,2
工学部,A1080000,建築法規及び行政,3年・4年,X1,Ｇ１５１,前期,木Ⅰ,必修,2
工学部,A1082000,建築計画学,1年・2年・3年・4年,X1,Ｇ２１１０,後期,水Ⅱ,必修,2
工学部,A1082000,建築計画学,2年・3年・4年,再履１,１－３０３,後期,金Ⅱ,必修,2
工学部,A1083000,施設計画１,2年・3年・4年,X1,７－２０１,後期,木Ⅱ,必修,2
工学部,A1084000,日本建築史１,1年・2年・3年・4年,X1,Ｇ２２１０,後期,火Ⅰ,必修,2
工学部,A1087000,建築構造力学１及び演習,1年・2年・3年・4年,11,７－２０２,後期,月Ⅲ・月Ⅳ,必修,3
工学部,A1087000,建築構造力学１及び演習,1年・2年・3年・4年,21,７－２０６,後期,月Ⅲ・月Ⅳ,必修,3
工学部,A1088000,建築構造力学２及び演習,2年・3年・4年,11,Ｇ２４０７,前期,水Ⅰ・水Ⅱ,必修,3
工学部,A1088000,建築構造力学２及び演習,2年・3年・4年,21,Ｇ２５１,前期,水Ⅰ・水Ⅱ,必修,3
工学部,A1090000,建築工学実験,3年・4年,X1,Ｇ２２１０,前期,金Ⅲ・金Ⅳ,必修,2
工学部,A1091000,建築施工１,3年・4年,X1,Ｇ２１１０,前期,木Ⅲ,必修,2
工学部,A1092000,建築図学,1年・2年・3年・4年,X1,２－Ｂ２０１,前期,火Ⅲ・火Ⅳ,必修,2
工学部,A1093000,環境工学１,1年・2年・3年・4年,X1,Ｇ２１１０,後期,金Ⅲ,必修,2
工学部,A1094000,建築概説,1年・2年・3年・4年,X1,Ｇ２２１０,前期,月Ⅲ,必修,2
工学部,A1095000,データサイエンス基礎数理,1年・2年,11,Ｇ２３１１,前期,火Ⅱ,必修,2
工学部,A1095000,データサイエンス基礎数理,1年・2年,21,１－３０３,前期,火Ⅱ,必修,2
工学部,A1096000,建築セミナー,1年・2年・3年・4年,X1,１－３０１・１－３０３,前期,水Ⅰ・木Ⅰ,必修,1
工学部,A2003000,確率・統計,2年・3年・4年,X1,Ｇ３３０３,前期,火Ⅰ,選択,2
工学部,A2043000,建築設備２,2年・3年・4年,X1,Ｇ１５２,後期,金Ⅱ,選択,2
工学部,A2044000,建築設備３,3年・4年,X1,７－２０５,前期,火Ⅳ,選択,2
工学部,A2063000,造形,1年・2年・3年・4年,X1,２－Ｂ２０１,前期,月Ⅳ・月Ⅴ,選択,2
工学部,A2088000,都市計画２,3年・4年,X1,７－２０１,後期,月Ⅲ,選択,2
工学部,A2093000,物理実験,2年・3年・4年,X1,10号６・７Ｆ,後期,火Ⅲ・火Ⅳ,選択,2
工学部,A2101000,線形代数２,1年・2年・3年・4年,11,１－３０３,後期,月Ⅱ,選択,2
工学部,A2101000,線形代数２,1年・2年・3年・4年,21,Ｇ２２０９,後期,月Ⅱ,選択,2
工学部,A2102000,微分積分２及び演習,1年,11,Ｇ２５０６,後期,木Ⅲ・木Ⅳ,選択,3
工学部,A2102000,微分積分２及び演習,1年,21,Ｇ２５２,後期,木Ⅲ・木Ⅳ,選択,3
工学部,A2102000,微分積分２及び演習,1年・2年・3年・4年,31,Ｇ２３１１,後期,木Ⅲ・木Ⅳ,選択,3
工学部,A2102000,微分積分２及び演習,2年・3年・4年,再履１,Ｇ２２０８,前期,木Ⅴ・木Ⅵ,選択,3
工学部,A2103000,微分方程式,2年・3年・4年,X1,Ｇ３３０３,前期,火Ⅳ,選択,2
工学部,A2104000,物理学（波動）,2年・3年・4年,11,Ｇ２２０９,前期,月Ⅱ,選択,2
工学部,A2104000,物理学（波動）,2年・3年・4年,21,Ｇ２２０８,前期,月Ⅱ,選択,2
工学部,A2105000,物理学（電磁気学）,1年・2年・3年・4年,11,Ｇ３３０３,後期,水Ⅰ,選択,2
工学部,A2105000,物理学（電磁気学）,1年・2年・3年・4年,21,Ｇ３４０３,後期,水Ⅰ,選択,2
工学部,A2106000,化学１,1年・2年・3年・4年,X1,Ｇ２３１０,後期,金Ⅱ,選択,2
工学部,A2107000,職業指導,4年,X1,Ｇ１５１,後期,木Ⅳ,選択,2
工学部,A2113000,建築ＣＡＤ,2年・3年・4年,X1,セ－実習室１,後期,火Ⅰ・火Ⅱ,選択,2
工学部,A2121000,建築施工２,3年・4年,X1,７－２０１,後期,木Ⅰ,選択,2
工学部,A2125000,近代建築史,3年・4年,X1,１２－２０２,前期,月Ⅰ,選択,2
工学部,A2134000,建築設計１,3年・4年,X1,２－Ｂ２０１,後期,水Ⅲ・水Ⅳ,選択,2
工学部,A2135000,建築設計２,4年,X1,２－Ｂ１０１,前期,月Ⅲ・月Ⅳ,選択,2
工学部,A2143000,インターンシップ,1年・2年・3年・4年,X1,,後期,集中,選択,2
工学部,A2144000,施設計画２,3年・4年,X1,Ｇ１５１,前期,木Ⅱ,選択,2
工学部,A2144000,施設計画２,3年・4年,Z9,Ｇ１５１,前期,木Ⅱ,選択,2
工学部,A2145000,環境行動計画,3年・4年,X1,Ｇ２１１０,後期,月Ⅳ,選択,2
工学部,A2147000,ランドスケープデザイン,3年・4年,X1,７－２０２,後期,木Ⅱ,選択,2
工学部,A2148000,日本建築史２,2年・3年・4年,X1,Ｇ２３１１,前期,火Ⅲ,選択,2
工学部,A2150000,環境保全論,4年,X1,１２－２０２,前期,木Ⅲ,選択,2
工学部,A2152000,環境工学２,2年・3年・4年,X1,７－２０１,前期,木Ⅱ,選択,2
工学部,A2155000,建築設備設計１,3年・4年,X1,セ－実習室２,前期,月Ⅳ・月Ⅴ,選択,2
工学部,A2156000,建築設備設計２,3年・4年,X1,情教実習室Ｂ,後期,火Ⅲ・火Ⅳ,選択,2
工学部,A2158000,耐震耐風構造,4年,X1,７－２０３,前期,月Ⅲ,選択,2
工学部,A2160000,木構造,2年・3年・4年,X1,Ｇ２５１,前期,水Ⅳ,選択,2
工学部,A2161000,建築基礎構造,4年,X1,１２－２０２,前期,月Ⅱ,選択,2
工学部,A2162000,建築構造設計１,3年・4年,X1,７－２０１,後期,金Ⅲ・金Ⅳ,選択,2
工学部,A2163000,建築構造設計２,4年,X1,７－２０６,前期,水Ⅰ・水Ⅱ,選択,2
工学部,A2164000,建築一般材料,2年・3年・4年,X1,１－４０１,後期,水Ⅲ,選択,2
工学部,A2165000,測量学,4年,X1,７－２０３,前期,水Ⅲ,選択,2
工学部,A2166000,測量実習,4年,X1,７－２０３,前期,水Ⅳ・水Ⅴ,選択,2
工学部,A2170000,工学基礎数理,2年・3年・4年,再履１,Ｇ２３１０,前期,火Ⅴ,選択,2
工学部,A2171000,建築ＣＡＤ応用,3年・4年,11,ＰＣ学習室,前期,火Ⅰ・火Ⅱ,選択,2
工学部,A2171000,建築ＣＡＤ応用,3年・4年,21,情教実習室Ａ,前期,木Ⅳ・木Ⅴ,選択,2
工学部,A2172000,建築構造解析及び演習,3年・4年,X1,７－２０３,前期,金Ⅰ・金Ⅱ,選択,3
工学部,A2173000,ファシリティマネジメント,4年,X1,７－２０６,前期,金Ⅱ,選択,2
工学部,A2174000,省エネルギー設計,4年,X1,セ－実習室２,前期,木Ⅱ,選択,2
工学部,A2182000,情報リテラシ,1年・2年・3年・4年,X1,セ－実習室１,前期,火Ⅰ,選択,1
工学部,B0103000,工学基礎数理,2年・3年・4年,再履１,Ｇ２３１０,前期,火Ⅴ,必修,2
工学部,B0201000,現代社会と倫理,4年,X1,１－３０３,後期,金Ⅳ,選択,2
工学部,B0203000,キャリア意識形成,2年,X1,Ｇ３４０３,前期,月Ⅳ,選択,2
工学部,B0209000,統計処理,3年・4年,X1,情教実習室Ａ,後期,木Ⅴ,選択,2
工学部,B0210000,キャリアデザイン,3年・4年,11,Ｇ２４０７,前期,火Ⅲ,選択,2
工学部,B0210000,キャリアデザイン,3年・4年,21,Ｇ２４０７,前期,火Ⅳ,選択,2
工学部,B1001000,線形代数１,1年・2年・3年・4年,11,１－３０３,前期,木Ⅲ,必修,2
工学部,B1001000,線形代数１,1年・2年・3年・4年,21,Ｇ２２０８,前期,木Ⅲ,必修,2
工学部,B1002000,物理学（力学）,1年,11,Ｇ２２０９,後期,金Ⅱ,必修,2
工学部,B1002000,物理学（力学）,1年・2年・3年・4年,21,Ｇ３４０２,後期,金Ⅱ,必修,2
工学部,B1002000,物理学（力学）,2年・3年・4年,再履１,Ｇ２２０９,前期,木Ⅴ,必修,2
工学部,B1002000,物理学（力学）,2年・3年・4年,再履２,Ｇ２２０８,前期,火Ⅴ,必修,2
工学部,B1002000,物理学（力学）,1年・2年・3年・4年,再履３,Ｇ２２０８,後期,火Ⅴ,必修,2
工学部,B1003000,物理実験,2年・3年・4年,X1,10号６・７Ｆ,前期,火Ⅲ・火Ⅳ,必修,2
工学部,B1004000,基礎化学１,1年,11,Ｇ２２０８,前期,水Ⅱ,必修,2
工学部,B1004000,基礎化学１,1年・2年・3年・4年,21,Ｇ２２０９,前期,水Ⅱ,必修,2
工学部,B1005000,基礎化学２,1年,11,Ｇ２２０８,後期,水Ⅱ,必修,2
工学部,B1005000,基礎化学２,1年・2年・3年・4年,21,Ｇ２５１,後期,水Ⅱ,必修,2
工学部,B1006000,無機化学１,1年・2年・3年・4年,X1,Ｇ２３１１,後期,木Ⅰ,必修,2
工学部,B1007000,無機化学２,2年・3年・4年,X1,Ｃ１４１１,前期,木Ⅱ,必修,2
工学部,B1008000,有機化学１,1年・2年・3年・4年,X1,１２－２０２,後期,月Ⅲ,必修,2
工学部,B1009000,有機化学２,2年・3年・4年,X1,Ｃ１４１１,前期,月Ⅲ,必修,2
工学部,B1010000,物理化学１,2年・3年・4年,X1,Ｇ３４０２,前期,火Ⅱ,必修,2
工学部,B1011000,物理化学２,2年,X1,Ｇ３２０３,後期,火Ⅱ,必修,2
工学部,B1011000,物理化学２,3年・4年,再履１,Ｇ３２０３,後期,火Ⅱ,必修,2
工学部,B1011000,物理化学２,3年・4年,再履２,１－５０２,後期,火Ⅲ,必修,2
工学部,B1012000,分析化学１,2年・3年・4年,X1,１２－２０１,前期,月Ⅱ,必修,2
工学部,B1013000,化学計測学,3年,X1,Ｇ２１１０,前期,木Ⅰ,必修,2
工学部,B1013000,化学計測学,4年,再履１,Ｇ２１１０,前期,木Ⅰ,必修,2
工学部,B1016000,超分子化学概論,2年・3年・4年,X1,Ｃ１４１１,前期,水Ⅰ,必修,2
工学部,B1017000,環境・分析化学実験,2年・3年・4年,X1,Ｃ２１０１,後期,金Ⅲ・金Ⅳ,必修,2
工学部,B1018000,バイオ環境化学実験１,3年・4年,X1,Ｃ２１０１,前期,水Ⅲ・水Ⅳ,必修,2
工学部,B1019000,バイオ環境化学実験２,3年・4年,X1,Ｃ２１０１,後期,水Ⅲ・水Ⅳ,必修,2
工学部,B1021000,卒業研究,4年,11,,通年,時間外,必修,4
工学部,B1021000,卒業研究,4年,21,,通年,時間外,必修,4
工学部,B1021000,卒業研究,4年,51,,通年,時間外,必修,4
工学部,B1021000,卒業研究,4年,61,,通年,時間外,必修,4
工学部,B1021000,卒業研究,4年,71,,通年,時間外,必修,4
工学部,B1022000,基礎化学実験,2年・3年・4年,X1,Ｃ２１０１,前期,金Ⅲ・金Ⅳ,必修,2
工学部,B1023000,バイオ環境化学演習,3年・4年,X1,１２－ゼミ室,後期,火Ⅳ・金Ⅲ,必修,1
工学部,B1025000,分子生物学２,2年・3年・4年,再履１,１２－３０３,後期,火Ⅴ,必修・選択,2
工学部,B1026000,データサイエンス基礎数理,1年・2年,11,Ｇ３２０３,前期,金Ⅱ,必修,2
工学部,B1026000,データサイエンス基礎数理,1年・2年,21,Ｇ３４０３,前期,金Ⅱ,必修,2
工学部,B1027000,応用化学セミナー,1年・2年・3年・4年,X1,１－５０２・１２－２０２,前期,木Ⅱ・木Ⅴ,必修,1
工学部,B1028000,生物化学１,1年・2年・3年・4年,X1,１－４０１,前期,火Ⅱ,必修,2
工学部,B2001000,線形代数２,1年・2年・3年・4年,11,Ｇ３５０４,後期,木Ⅲ,選択,2
工学部,B2001000,線形代数２,1年・2年・3年・4年,21,Ｇ１５２,後期,木Ⅲ,選択,2
工学部,B2002000,微分積分１及び演習,1年,11,Ｇ２３１０,前期,火Ⅲ・火Ⅳ,選択,3
工学部,B2002000,微分積分１及び演習,1年・2年・3年・4年,21,Ｇ２４０８,前期,火Ⅲ・火Ⅳ,選択,3
工学部,B2002000,微分積分１及び演習,1年・2年・3年・4年,再履１,Ｇ２２０８,後期,水Ⅴ・水Ⅵ,選択,3
工学部,B2002000,微分積分１及び演習,1年・2年・3年・4年,再履２,Ｇ２２０８,後期,木Ⅴ・木Ⅵ,選択,3
工学部,B2003000,微分積分２及び演習,1年,11,Ｇ２５１,後期,火Ⅲ・火Ⅳ,選択,3
工学部,B2003000,微分積分２及び演習,1年・2年・3年・4年,21,Ｇ２５２,後期,火Ⅲ・火Ⅳ,選択,3
工学部,B2003000,微分積分２及び演習,2年・3年・4年,再履１,Ｇ２２０８,前期,木Ⅴ・木Ⅵ,選択,3
工学部,B2004000,物理学（電磁気学）,2年・3年・4年,11,Ｇ３４０２,前期,月Ⅰ,選択,2
工学部,B2004000,物理学（電磁気学）,2年・3年・4年,21,Ｇ２２０８,前期,月Ⅰ,選択,2
工学部,B2005000,物理学（波動）,2年・3年・4年,11,Ｇ２５０５,後期,月Ⅱ,選択,2
工学部,B2005000,物理学（波動）,2年・3年・4年,21,Ｇ２５０６,後期,月Ⅱ,選択,2
工学部,B2009000,分析化学２,2年・3年・4年,X1,Ｇ２１１０,後期,木Ⅲ,選択,2
工学部,B2010000,高分子化学２,2年・3年・4年,X1,１－３０３,後期,火Ⅰ,選択,2
工学部,B2015000,固体構造化学,2年・3年・4年,X1,１－５０２,後期,月Ⅲ,選択,2
工学部,B2018000,有機構造解析,3年・4年,X1,１－３０３,後期,木Ⅱ,選択,2
工学部,B2021000,生物無機化学,3年・4年,X1,１２－２０２,前期,水Ⅱ,選択,2
工学部,B2022000,生物有機化学,2年・3年・4年,X1,１－３０３,後期,木Ⅰ,選択,2
工学部,B2023000,環境化学,3年・4年,X1,Ｇ２１１０,後期,金Ⅱ,選択,2
工学部,B2024000,環境分析化学,3年・4年,X1,Ｇ２５１,後期,火Ⅰ,選択,2
工学部,B2025000,食品化学,3年・4年,X1,１－４０１,前期,金Ⅰ,選択,2
工学部,B2026000,微生物学,3年・4年,X1,Ｇ２２０８,後期,水Ⅰ,選択,2
工学部,B2026000,微生物学,3年・4年,Z9,Ｇ２２０８,後期,水Ⅰ,選択,2
工学部,B2027000,薬理学,4年,X1,１２－２０２,前期,木Ⅳ,選択,2
工学部,B2028000,分子認識化学,3年・4年,X1,セ－実習室１,前期,金Ⅲ,選択,2
工学部,B2029000,生体物質合成化学,3年・4年,X1,Ｃ１４０１,前期,月Ⅱ,選択,2
工学部,B2031000,生体情報化学,2年・3年・4年,X1,Ｇ３４０３,後期,木Ⅱ,選択,2
工学部,B2032000,バイオミメティック化学,4年,再履１,Ｃ１４０１,前期,木Ⅱ,選択,2
工学部,B2033000,安全工学,3年・4年,X1,１－４０１,後期,月Ⅳ,選択,2
工学部,B2036000,機械工学概論,3年・4年,X1,Ｇ２３１０,後期,木Ⅳ,選択,2
工学部,B2042000,地学概論,1年・2年・3年・4年,X1,Ｇ２４０８,前期,月Ⅰ,査外,2
工学部,B2043000,高分子化学１,2年・3年・4年,X1,１－４０１,前期,金Ⅱ,選択,2
工学部,B2045000,有機化学３,2年,X1,Ｇ２２０８,後期,金Ⅱ,選択,2
工学部,B2047000,応用生物工学,3年・4年,X1,Ｃ１４０１,後期,木Ⅰ,選択,2
工学部,B2052000,物理化学演習,2年・3年・4年,X1,Ｇ２４０８,後期,火Ⅲ,選択,1
工学部,B2053000,化学英語,3年・4年,X1,Ｇ２５０７,前期,火Ⅱ,選択,2
工学部,B2053000,化学英語,3年・4年,X2,Ｇ２５０７,前期,火Ⅲ,選択,2
工学部,B2054000,生産管理入門,3年・4年,X1,１－４０１,後期,月Ⅴ,選択,2
工学部,B2056000,知的財産権,4年,X1,Ｇ２３１０,前期,水Ⅳ,選択,2
工学部,B2057000,ＣＡＤ,4年,X1,セ－実習室１,後期,火Ⅲ,選択,2
工学部,B2058000,生物学,1年・2年・3年・4年,X1,Ｇ１５１,前期,月Ⅳ,選択,2
工学部,B2059000,生物化学,2年・3年・4年,X1,Ｇ２２０９,前期,火Ⅰ,選択,2
工学部,B2060000,化学工学,3年・4年,X1,Ｇ２２１０,後期,火Ⅲ,選択,2
工学部,B2061000,基礎錯体化学,2年・3年,X1,Ｇ１５２,後期,水Ⅱ,選択,2
工学部,B2062000,生体高分子化学,3年,X1,Ｇ２５０７,前期,月Ⅲ,選択,2
工学部,B2063000,医薬品化学,3年,X1,Ｇ３２０３,後期,水Ⅱ,選択,2
工学部,B2067000,ソフトウェア,1年・2年・3年・4年,X1,セ－実習室１,前期,水Ⅳ,選択,2
工学部,B2069000,インターンシップ,1年・2年・3年・4年,X1,,後期,集中,選択,2
工学部,B2070000,生物化学２,1年・2年・3年・4年,X1,Ｇ２４０７,後期,火Ⅱ,選択,2
工学部,C0103000,工学基礎数理,2年・3年・4年,再履１,Ｇ２３１０,前期,火Ⅴ,必修,2
工学部,C0201000,現代社会と倫理,4年,X1,１－３０３,後期,金Ⅳ,選択,2
工学部,C0203000,キャリア意識形成,2年,X1,１２－２０１,後期,木Ⅱ,選択,2
工学部,C0209000,統計処理,3年・4年,X1,情教実習室Ａ,後期,木Ⅴ,選択,2
工学部,C0210000,キャリアデザイン,3年・4年,11,Ｇ２５２,前期,月Ⅰ,選択,2
工学部,C0210000,キャリアデザイン,3年・4年,21,Ｇ２５０７,前期,月Ⅳ,選択,2
工学部,C1002000,応用化学セミナー,1年・2年・3年・4年,X1,１－５０１・１２－２０１,前期,木Ⅱ・木Ⅴ,必修,1
工学部,C1024000,基礎化学１,1年,11,Ｇ２２０８,前期,水Ⅱ,必修,2
工学部,C1024000,基礎化学１,1年・2年・3年・4年,21,Ｇ２２０９,前期,水Ⅱ,必修,2
工学部,C1025000,基礎化学２,1年,11,Ｇ２２０８,後期,水Ⅱ,必修,2
工学部,C1025000,基礎化学２,1年・2年・3年・4年,21,Ｇ２５１,後期,水Ⅱ,必修,2
工学部,C1036000,高分子化学１,2年,X1,Ｇ１５２,前期,金Ⅰ,必修,2
工学部,C1036000,高分子化学１,3年・4年,再履１,Ｇ１５２,前期,金Ⅰ,必修,2
工学部,C1044000,線形代数１,1年・2年・3年・4年,11,１－３０３,前期,木Ⅲ,必修,2
工学部,C1044000,線形代数１,1年・2年・3年・4年,21,Ｇ２２０８,前期,木Ⅲ,必修,2
工学部,C1047000,卒業研究,4年,11,,通年,時間外,必修,4
工学部,C1047000,卒業研究,4年,21,,通年,時間外,必修,4
工学部,C1047000,卒業研究,4年,31,,通年,時間外,必修,4
工学部,C1047000,卒業研究,4年,41,,通年,時間外,必修,4
工学部,C1047000,卒業研究,4年,A1,,通年,時間外,必修,4
工学部,C1047000,卒業研究,4年,C1,,通年,時間外,必修,4
工学部,C1055000,物理化学１,2年・3年・4年,X1,Ｇ１５２,前期,木Ⅱ,必修,2
工学部,C1056000,物理化学２,2年・3年・4年,X1,１－５０２,後期,火Ⅲ,必修,2
工学部,C1060000,物理実験,2年・3年・4年,X1,10号６・７Ｆ,前期,火Ⅲ・火Ⅳ,必修,2
工学部,C1062000,分析化学１,2年・3年・4年,X1,Ｇ２２０９,前期,火Ⅱ,必修,2
工学部,C1067000,無機化学１,1年・2年・3年・4年,X1,Ｇ２３１１,後期,木Ⅱ,必修,2
工学部,C1068000,無機化学２,2年・3年・4年,X1,１－４０１,前期,月Ⅱ,必修,2
工学部,C1076000,有機化学１,1年・2年・3年・4年,X1,Ｇ１５２,後期,月Ⅲ,必修,2
工学部,C1078000,有機化学２,2年・3年・4年,X1,Ｇ１５１,前期,水Ⅰ,必修,2
工学部,C1083000,化学計測学,3年,X1,Ｇ２１１０,前期,木Ⅰ,必修,2
工学部,C1083000,化学計測学,4年,再履１,Ｇ２１１０,前期,木Ⅰ,必修,2
工学部,C1084000,物理学（力学）,1年,11,Ｇ２２０９,後期,金Ⅱ,必修,2
工学部,C1084000,物理学（力学）,1年・2年・3年・4年,21,Ｇ３４０２,後期,金Ⅱ,必修,2
工学部,C1084000,物理学（力学）,2年・3年・4年,再履１,Ｇ２２０９,前期,木Ⅴ,必修,2
工学部,C1084000,物理学（力学）,2年・3年・4年,再履２,Ｇ２２０８,前期,火Ⅴ,必修,2
工学部,C1084000,物理学（力学）,1年・2年・3年・4年,再履３,Ｇ２２０８,後期,火Ⅴ,必修,2
工学部,C1088000,環境・分析化学実験,2年・3年・4年,X1,Ｃ２１０１,後期,金Ⅲ・金Ⅳ,必修,2
工学部,C1089000,応用材料化学実験１,3年・4年,X1,Ｃ１３１５,前期,水Ⅲ・水Ⅳ,必修,2
工学部,C1090000,応用材料化学実験２,3年・4年,X1,Ｃ１３１５,後期,水Ⅲ・水Ⅳ,必修,2
工学部,C1092000,基礎化学実験,2年・3年・4年,X1,Ｃ２１０１,前期,金Ⅲ・金Ⅳ,必修,2
工学部,C1093000,応用材料化学演習,3年・4年,11,１２－２０１,後期,火Ⅳ,必修,1
工学部,C1093000,応用材料化学演習,3年・4年,21,Ｃ１４１１・１２－３０３,後期,火Ⅳ・金Ⅲ,必修,1
工学部,C1093000,応用材料化学演習,3年・4年,31,１２－２０２,後期,火Ⅳ,必修,1
工学部,C1093000,応用材料化学演習,3年・4年,41,Ｃ１４１１,後期,火Ⅳ,必修,1
工学部,C1094000,データサイエンス基礎数理,1年・2年,11,Ｇ３２０３,前期,金Ⅱ,必修,2
工学部,C1094000,データサイエンス基礎数理,1年・2年,21,Ｇ３４０３,前期,金Ⅱ,必修,2
工学部,C2003000,安全工学,3年・4年,X1,１－４０１,後期,月Ⅳ,選択,2
工学部,C2026000,環境化学,3年・4年,X1,Ｇ２１１０,後期,金Ⅱ,選択,2
工学部,C2026000,環境化学,3年・4年,Z9,Ｇ２１１０,後期,金Ⅱ,選択,2
工学部,C2030000,環境分析化学,3年・4年,X1,Ｇ２５１,後期,火Ⅰ,選択,2
工学部,C2032000,機械工学概論,3年・4年,X1,Ｇ２３１０,後期,木Ⅳ,選択,2
工学部,C2073000,生物化学概論,2年・3年・4年,X1,Ｇ２２０９,後期,月Ⅳ,選択,2
工学部,C2080000,線形代数２,1年・2年・3年・4年,11,Ｇ３５０４,後期,木Ⅲ,選択,2
工学部,C2080000,線形代数２,1年・2年・3年・4年,21,Ｇ１５２,後期,木Ⅲ,選択,2
工学部,C2090000,電気工学概論,3年・4年,X1,Ｃ１４１１,後期,月Ⅰ,選択,2
工学部,C2102000,微分積分２及び演習,1年,11,Ｇ２５１,後期,火Ⅲ・火Ⅳ,選択,3
工学部,C2102000,微分積分２及び演習,1年・2年・3年・4年,21,Ｇ２５２,後期,火Ⅲ・火Ⅳ,選択,3
工学部,C2102000,微分積分２及び演習,2年・3年・4年,再履１,Ｇ２２０８,前期,木Ⅴ・木Ⅵ,選択,3
工学部,C2105000,物理化学演習,2年・3年・4年,X1,１－４０１,後期,火Ⅱ,選択,1
工学部,C2115000,分析化学２,2年・3年・4年,X1,Ｇ２１１０,後期,木Ⅲ,選択,2
工学部,C2125000,無機材料化学,3年・4年,X1,Ｇ３４０３,後期,火Ⅱ,選択,2
工学部,C2131000,有機化学３,2年,X1,Ｇ２２０８,後期,金Ⅱ,選択,2
工学部,C2162000,物理学（波動）,2年・3年・4年,11,Ｇ２５０５,後期,月Ⅱ,選択,2
工学部,C2162000,物理学（波動）,2年・3年・4年,21,Ｇ２５０６,後期,月Ⅱ,選択,2
工学部,C2164000,高分子化学２,2年・3年・4年,X1,１－４０１,後期,火Ⅰ,選択,2
工学部,C2166000,電気化学,3年・4年,X1,Ｃ１４１１,前期,月Ⅱ,選択,2
工学部,C2167000,固体構造化学,2年・3年・4年,X1,１－５０２,後期,月Ⅲ,選択,2
工学部,C2168000,固体反応化学,3年・4年,X1,１－３０３,前期,金Ⅲ,選択,2
工学部,C2169000,高分子材料物性,3年・4年,X1,１－５０１,前期,金Ⅳ,選択,2
工学部,C2172000,エネルギー材料化学,3年・4年,X1,Ｇ３３０３,後期,月Ⅱ,選択,2
工学部,C2174000,機能性セラミックス化学,3年・4年,X1,１２－２０１,後期,金Ⅰ,選択,2
工学部,C2175000,機能性高分子化学,3年・4年,X1,Ｃ１４１１,後期,月Ⅲ,選択,2
工学部,C2178000,地学概論,1年・2年・3年・4年,X1,Ｇ２４０８,前期,月Ⅰ,査外,2
工学部,C2179000,化学英語,3年・4年,X1,Ｇ２５０７,前期,火Ⅲ,選択,2
工学部,C2179000,化学英語,3年・4年,X2,Ｇ２５０７,前期,火Ⅱ,選択,2
工学部,C2183000,インターンシップ,1年・2年・3年・4年,X1,,後期,集中,選択,2
工学部,C2184000,微分積分１及び演習,1年,11,Ｇ２３１０,前期,火Ⅲ・火Ⅳ,選択,3
工学部,C2184000,微分積分１及び演習,1年・2年・3年・4年,21,Ｇ２４０８,前期,火Ⅲ・火Ⅳ,選択,3
工学部,C2184000,微分積分１及び演習,1年・2年・3年・4年,再履１,Ｇ２２０８,後期,水Ⅴ・水Ⅵ,選択,3
工学部,C2184000,微分積分１及び演習,1年・2年・3年・4年,再履２,Ｇ２２０８,後期,木Ⅴ・木Ⅵ,選択,3
工学部,C2185000,物理学（電磁気学）,2年・3年・4年,11,Ｇ３４０２,前期,月Ⅰ,選択,2
工学部,C2185000,物理学（電磁気学）,2年・3年・4年,21,Ｇ２２０８,前期,月Ⅰ,選択,2
工学部,C2186000,超分子化学概論,2年,X1,情教実習室Ｂ,前期,水Ⅲ,選択,2
工学部,C2186000,超分子化学概論,3年・4年,X2,Ｃ１４１１,前期,水Ⅰ,選択,2
工学部,C2188000,生物有機化学,2年・3年・4年,X1,１－３０３,後期,木Ⅰ,選択,2
工学部,C2189000,有機構造解析,3年・4年,X1,１－３０３,後期,木Ⅱ,選択,2
工学部,C2196000,応用物理化学,3年・4年,X1,Ｇ２５０６,前期,月Ⅲ,選択,2
工学部,C2197000,生産管理入門,3年・4年,X1,１－４０１,後期,月Ⅴ,選択,2
工学部,C2199000,知的財産権,4年,X1,Ｇ２３１０,前期,水Ⅳ,選択,2
工学部,C2200000,ＣＡＤ,4年,X1,セ－実習室１,後期,火Ⅲ,選択,2
工学部,C2201000,金属材料化学概論,3年・4年,X1,Ｃ１４１１,後期,水Ⅰ,選択,2
工学部,C2202000,生物学,1年・2年・3年・4年,X1,Ｇ１５１,前期,月Ⅳ,選択,2
工学部,C2203000,化学工学,3年・4年,X1,Ｇ２２１０,後期,火Ⅲ,選択,2
工学部,C2204000,基礎錯体化学,2年・3年,X1,Ｇ１５２,後期,水Ⅱ,選択,2
工学部,C2205000,高分子系複合材料化学,3年,X1,Ｇ２３１０,後期,木Ⅲ,選択,2
工学部,C2209000,ソフトウェア,1年・2年・3年・4年,X1,セ－実習室１,前期,水Ⅲ,選択,2
工学部,D0214000,キャリア意識形成,2年,X1,Ｇ３３０１,後期,月Ⅲ,選択,2
工学部,D0215000,現代社会と倫理,3年・4年,X1,１－３０３,後期,金Ⅳ,選択,2
工学部,D0217000,キャリアデザイン,3年・4年,11,Ｇ２４０９,前期,火Ⅳ,選択,2
工学部,D0217000,キャリアデザイン,3年・4年,21,Ｇ２５０５,前期,火Ⅳ,選択,2
工学部,D1001000,コンクリート工学１,2年・3年・4年,X1,Ｇ２１１０,前期,水Ⅰ,必修,2
工学部,D1024000,線形代数１,1年・2年・3年・4年,11,Ｇ２５０６,前期,水Ⅳ,必修,2
工学部,D1024000,線形代数１,1年・2年・3年・4年,21,Ｇ２５０５,前期,水Ⅳ,必修,2
工学部,D1025000,線形代数２,1年・2年・3年・4年,11,Ｇ２５０７,後期,水Ⅳ,必修,2
工学部,D1025000,線形代数２,1年・2年・3年・4年,21,Ｇ２５０６,後期,水Ⅳ,必修,2
工学部,D1033000,卒業研究,4年,X1,,通年,時間外,必修,4
工学部,D1039000,土質力学１,3年・4年,再履１,７－２０２,前期,金Ⅴ,必修,2
工学部,D1040000,土質力学２,3年・4年,再履１,７－２０５,後期,金Ⅴ,必修,2
工学部,D1053000,微分積分１及び演習,1年,11,Ｇ１５２,前期,火Ⅲ・火Ⅳ,必修,3
工学部,D1053000,微分積分１及び演習,1年・2年・3年・4年,21,Ｇ２５０６,前期,火Ⅲ・火Ⅳ,必修,3
工学部,D1053000,微分積分１及び演習,1年・2年・3年・4年,再履１,Ｇ２２０８,後期,水Ⅴ・水Ⅵ,必修,3
工学部,D1053000,微分積分１及び演習,1年・2年・3年・4年,再履２,Ｇ２２０８,後期,木Ⅴ・木Ⅵ,必修,3
工学部,D1059000,物理実験,2年・3年・4年,X1,10号６・７Ｆ,前期,金Ⅲ・金Ⅳ,必修,2
工学部,D1060000,防災工学,2年・3年・4年,X1,１－５０２,前期,木Ⅳ,必修,2
工学部,D1063000,物理学（力学）,1年,11,Ｇ２２０８,後期,火Ⅱ,必修,2
工学部,D1063000,物理学（力学）,1年・2年・3年・4年,21,Ｇ２４０８,後期,火Ⅱ,必修,2
工学部,D1063000,物理学（力学）,2年・3年・4年,再履１,Ｇ２２０９,前期,木Ⅴ,必修,2
工学部,D1063000,物理学（力学）,2年・3年・4年,再履２,Ｇ２２０８,前期,火Ⅴ,必修,2
工学部,D1063000,物理学（力学）,1年・2年・3年・4年,再履３,Ｇ２２０８,後期,火Ⅴ,必修,2
工学部,D1064000,物理学（波動）,2年・3年・4年,X1,１－５０１,前期,金Ⅰ,必修,2
工学部,D1064000,物理学（波動）,2年・3年・4年,再履１,Ｇ２２０９,後期,木Ⅴ,必修,2
工学部,D1066000,情報処理演習,3年・4年,X1,情教実習室Ｂ,前期,金Ⅲ・金Ⅳ,必修,2
工学部,D1071000,構造力学１及び演習,1年・2年・3年・4年,X1,Ｇ２１１０,後期,月Ⅰ・木Ⅰ,必修,3
工学部,D1071000,構造力学１及び演習,2年・3年・4年,再履１,７－２０５,前期,月Ⅴ・月Ⅵ,必修,3
工学部,D1072000,構造力学２及び演習,2年・3年・4年,X1,Ｇ２１１０,前期,火Ⅲ・金Ⅱ,必修,3
工学部,D1072000,構造力学２及び演習,2年・3年・4年,再履１,７－２０５,後期,火Ⅴ・火Ⅵ,必修,3
工学部,D1073000,構造力学３及び演習,2年・3年・4年,X1,Ｇ２１１０・Ｇ２２１０,後期,火Ⅰ・金Ⅰ,必修,3
工学部,D1073000,構造力学３及び演習,3年・4年,再履１,７－２０５,前期,水Ⅴ・水Ⅵ,必修,3
工学部,D1075000,土木計画学,2年・3年・4年,X1,Ｇ２１１０,前期,月Ⅳ,必修,2
工学部,D1075000,土木計画学,3年・4年,再履１,７－２０１,前期,水Ⅴ,必修,2
工学部,D1076000,セミナー人と技術,3年・4年,X1,１－３０３・１－５０１,通年,月Ⅲ・月Ⅳ・火Ⅲ,必修,1
工学部,D1079000,測量学,1年・2年・3年・4年,X1,Ｇ２１１０,前期,月Ⅰ,必修,2
工学部,D1080000,測量実習,1年・2年・3年・4年,X1,７－２０６,前期,月Ⅲ・月Ⅳ,必修,2
工学部,D1082000,鉄筋コンクリート構造１,3年・4年,再履１,Ｇ２１１０,前期,火Ⅱ,必修,2
工学部,D1083000,水理学１及び演習,1年・2年・3年・4年,X1,Ｇ２１１０・Ｇ２２１０,後期,水Ⅰ・金Ⅲ,必修,3
工学部,D1083000,水理学１及び演習,2年・3年・4年,再履１,７－２０５,前期,金Ⅴ・金Ⅵ,必修,3
工学部,D1084000,建設総合実習,1年・2年・3年・4年,X1,,通年,時間外,必修,1
工学部,D1084000,建設総合実習,2年・3年・4年,X2,,通年,時間外,,
工学部,D1085000,土質実験,3年・4年,X1,７－２０１・７－２０３,通年,水Ⅲ・水Ⅳ,必修,1
工学部,D1089000,設計製図,3年・4年,X1,７－２０１,後期,木Ⅲ・木Ⅳ,必修,2
工学部,D1090000,セミナー人と自然,2年・3年・4年,X1,Ｇ２２１０・１－４０１・７－２０２,通年,水Ⅰ・水Ⅱ・金Ⅳ,必修,1
工学部,D1091000,構造実験,3年・4年,X1,７－２０１・７－２０３,通年,水Ⅲ・水Ⅳ,必修,1
工学部,D1092000,水理実験,3年・4年,X1,７－２０５,通年,水Ⅲ・水Ⅳ,必修,1
工学部,D1093000,材料実験,3年・4年,X1,７－２０１・７－２０３,通年,水Ⅲ・水Ⅳ,必修,1
工学部,D1096000,材料力学,1年,X1,Ｇ２１１０,前期,木Ⅳ,必修,2
工学部,D1096000,材料力学,1年,再履１,７－２０６,後期,月Ⅴ,必修,2
工学部,D1096000,材料力学,2年・3年・4年,再履２,７－２０１,前期,火Ⅴ,必修,2
工学部,D1097000,土質力学１及び演習,1年・2年・3年・4年,X1,Ｇ２２１０,後期,木Ⅲ・木Ⅳ,必修,3
工学部,D1098000,水理学２及び演習,2年・3年,X1,Ｇ２１１０・Ｇ１５１,前期,火Ⅱ・火Ⅳ,必修,3
工学部,D1098000,水理学２及び演習,2年・3年,再履１,７－２０１,後期,水Ⅴ・水Ⅵ,必修,3
工学部,D1099000,土質力学２及び演習,2年・3年,X1,Ｇ２２１０,前期,木Ⅰ・木Ⅱ,必修,3
工学部,D1099000,土質力学２及び演習,2年・3年,再履１,７－２０３,後期,金Ⅴ・金Ⅵ,必修,3
工学部,D1100000,土質力学３及び演習,2年・3年,X1,１－５０２,後期,金Ⅱ・金Ⅲ,必修,3
工学部,D1101000,鉄筋コンクリート構造１及び演習,3年,X1,Ｇ２１１０,前期,火Ⅱ・金Ⅰ,必修,3
工学部,D1102000,生物学・生態学,1年・2年・3年・4年,X1,Ｇ２２１０,前期,水Ⅱ,必修,2
工学部,D1103000,環境実習,3年・4年,X1,７－２０１・７－２０３,通年,水Ⅲ・水Ⅳ,必修,1
工学部,D1104000,データサイエンス基礎数理,1年・2年,11,Ｇ３５０４,前期,木Ⅲ,必修,2
工学部,D1104000,データサイエンス基礎数理,1年・2年,21,Ｇ３３０２,前期,木Ⅲ,必修,2
工学部,D1105000,土木工学セミナー,1年・2年・3年・4年,X1,Ｇ２１１０・１－５０２・７－２０６,通年,月Ⅱ・火Ⅱ・金Ⅲ,必修,1
工学部,D1106000,建設基礎数学,1年・2年・3年・4年,X1,Ｇ２２１０,前期,水Ⅰ,必修,2
工学部,D1106000,建設基礎数学,1年・2年・3年・4年,再履１,７－２０１,後期,金Ⅴ,必修,2
工学部,D2001000,コンクリート工学２,2年・3年・4年,X1,７－２０３,後期,木Ⅰ,選択,2
工学部,D2010000,河川工学,3年・4年,X1,Ｇ２１１０,後期,木Ⅱ,選択,2
工学部,D2010000,河川工学,3年・4年,Z9,Ｇ２１１０,後期,木Ⅱ,選択,2
工学部,D2013000,確率・統計,2年・3年・4年,X1,Ｇ２５０５,後期,月Ⅳ,選択,2
工学部,D2022000,橋梁工学,3年,X1,７－２０６,後期,金Ⅲ,選択,2
工学部,D2022000,橋梁工学,4年,X2,７－２０６,後期,金Ⅲ,選択,2
工学部,D2025000,交通工学,2年・3年・4年,X1,７－２０１,後期,火Ⅲ,選択,2
工学部,D2053000,水文学,3年・4年,X1,Ｇ２１１０,前期,木Ⅱ,選択,2
工学部,D2053000,水文学,3年・4年,Z9,Ｇ２１１０,前期,木Ⅱ,選択,2
工学部,D2074000,地盤工学２,4年,X1,７－２０６,前期,木Ⅲ,選択,2
工学部,D2094000,都市計画,3年・4年,X1,７－２０１,前期,火Ⅲ,選択,2
工学部,D2094000,都市計画,3年・4年,Z9,７－２０１,前期,火Ⅲ,選択,2
工学部,D2111000,土木施工,3年・4年,X1,７－２０１,後期,月Ⅱ,選択,2
工学部,D2123000,微分方程式,2年・3年・4年,X1,Ｇ２４０８,後期,火Ⅳ,選択,2
工学部,D2134000,物理学（電磁気学）,2年・3年・4年,X1,１－５０２,後期,月Ⅱ,選択,2
工学部,D2135000,化学２,1年・2年・3年・4年,X1,Ｇ３５０４,後期,水Ⅱ,選択,2
工学部,D2136000,職業指導,4年,X1,Ｇ１５１,後期,木Ⅳ,選択,2
工学部,D2155000,上下水道,3年・4年,X1,７－２０５,後期,火Ⅳ,選択,2
工学部,D2156000,ランドスケープデザイン,2年・3年・4年,X1,Ｇ１５２,前期,月Ⅲ,選択,2
工学部,D2158000,地盤工学１,3年・4年,再履１,７－２０６,前期,木Ⅲ,選択,2
工学部,D2163000,インターンシップ,1年・2年・3年・4年,X1,,後期,集中,選択,2
工学部,D2164000,微分積分２及び演習,1年,11,Ｇ２２０８,後期,火Ⅲ・火Ⅳ,選択,3
工学部,D2164000,微分積分２及び演習,1年・2年・3年・4年,21,Ｇ２２０９,後期,火Ⅲ・火Ⅳ,選択,3
工学部,D2164000,微分積分２及び演習,2年・3年・4年,再履１,Ｇ２２０８,前期,木Ⅴ・木Ⅵ,選択,3
工学部,D2165000,化学１,1年・2年・3年・4年,X1,１－３０３,前期,火Ⅴ,選択,2
工学部,D2167000,応用測量学及び演習,1年・2年・3年・4年,X1,Ｇ２２１０,後期,月Ⅲ・月Ⅳ,選択,3
工学部,D2169000,鉄筋コンクリート構造１演習,3年・4年,再履１,Ｇ２１１０,前期,金Ⅰ,選択,1
工学部,D2170000,鉄筋コンクリート構造２,3年・4年,X1,７－２０３,後期,月Ⅰ,選択,2
工学部,D2171000,鋼構造学,3年,X1,７－２０５,前期,木Ⅳ,選択,2
工学部,D2171000,鋼構造学,4年,X2,７－２０５,前期,木Ⅳ,選択,2
工学部,D2173000,学外協働実習,1年・2年・3年・4年,X1,,前期,集中,選択,1
工学部,D2177000,情報数学,2年・3年・4年,X1,セ－実習室１,後期,木Ⅳ,選択,2
工学部,D2178000,防災実習,3年・4年,X1,７－２０１・７－２０３,通年,水Ⅲ・水Ⅳ,選択,1
工学部,D2179000,生態工学,2年・3年・4年,X1,７－２０６,後期,木Ⅱ,選択,2
工学部,D2180000,環境工学,2年・3年・4年,X1,７－２０６,後期,月Ⅱ,選択,2
工学部,D2181000,維持管理工学,3年,X1,７－２０５,後期,火Ⅱ,選択,2
工学部,D2181000,維持管理工学,4年,X2,７－２０５,後期,火Ⅱ,選択,2
工学部,D2182000,建設行政,3年・4年,X1,７－２０６,後期,木Ⅰ,選択,2
工学部,D2183000,エネルギー工学,3年,X1,７－２０５,後期,火Ⅰ,選択,2
工学部,D2183000,エネルギー工学,4年,X2,７－２０５,後期,火Ⅰ,選択,2
工学部,D2184000,工学基礎数理,2年・3年・4年,再履１,Ｇ２３１０,前期,火Ⅴ,選択,2
工学部,D2185000,環境アセスメント,2年・3年,X1,Ｇ２３１１,前期,火Ⅰ,選択,2
工学部,D2186000,防災地質学,2年・3年,X1,１－３０３,後期,火Ⅱ,選択,2
工学部,D2187000,地盤工学,3年,X1,７－２０６,前期,木Ⅲ,選択,2
工学部,D2188000,耐震工学,3年・4年,X1,７－２０５,前期,火Ⅰ,選択,2
工学部,D2189000,情報リテラシ,1年・2年・3年・4年,X1,Ｇ２２１０,前期,月Ⅱ,選択,2
工学部,E0103000,プログラミング１及び演習,2年・3年・4年,再履１,セ－実習室１,前期,水Ⅴ・水Ⅵ,必修,3
工学部,E0201000,技術者倫理,4年,X1,Ｇ２５０６,前期,月Ⅳ,選択,2
工学部,E0203000,キャリア意識形成,2年,13,１２－３０３,前期,木Ⅲ,選択,2
工学部,E0203000,キャリア意識形成,2年,21,１２－２０１,後期,木Ⅲ,選択,2
工学部,E0207000,キャリアデザイン,3年・4年,11,Ｇ２４０８,後期,月Ⅱ,選択,2
工学部,E0207000,キャリアデザイン,3年・4年,21,Ｇ２２０８,後期,月Ⅱ,選択,2
工学部,E1027000,線形代数１,1年・2年・3年・4年,11,Ｇ２５１,前期,木Ⅳ,必修,2
工学部,E1027000,線形代数１,1年・2年・3年・4年,21,１－３０３,前期,木Ⅳ,必修,2
工学部,E1028000,線形代数２,1年・2年・3年・4年,11,１－４０１,後期,木Ⅳ,必修,2
工学部,E1028000,線形代数２,1年・2年・3年・4年,21,Ｇ２２０９,後期,木Ⅳ,必修,2
工学部,E1031000,卒業研究,4年,X1,,通年,時間外,必修,4
工学部,E1037000,電気回路１及び演習,1年・2年・3年・4年,11,ＥＲ２２１,後期,月Ⅰ・月Ⅱ,必修,3
工学部,E1037000,電気回路１及び演習,1年・2年・3年・4年,21,１－５０１,後期,月Ⅰ・月Ⅱ,必修,3
工学部,E1037000,電気回路１及び演習,2年・3年・4年,再履１,８－２０５,前期,火Ⅳ・金Ⅴ,必修,3
工学部,E1040000,電気回路２及び演習,2年・3年・4年,11,Ｇ２２０８,前期,火Ⅰ・火Ⅱ,必修,3
工学部,E1040000,電気回路２及び演習,2年・3年・4年,21,Ｇ２３１０,前期,火Ⅰ・火Ⅱ,必修,3
工学部,E1066000,電気磁気学１及び演習,1年・2年・3年・4年,11,Ｇ２５１,後期,金Ⅲ・金Ⅳ,必修,3
工学部,E1066000,電気磁気学１及び演習,1年・2年・3年・4年,21,Ｇ２５２,後期,金Ⅲ・金Ⅳ,必修,3
工学部,E1070000,電気磁気学２及び演習,2年・3年・4年,11,Ｇ２５０５,前期,水Ⅰ・水Ⅱ,必修,3
工学部,E1070000,電気磁気学２及び演習,2年・3年・4年,21,Ｇ２５０６,前期,水Ⅰ・水Ⅱ,必修,3
工学部,E1090000,微分積分１及び演習,1年,11,Ｇ２２０９,前期,木Ⅰ・木Ⅱ,必修,3
工学部,E1090000,微分積分１及び演習,1年・2年・3年・4年,21,Ｇ２５０７,前期,木Ⅰ・木Ⅱ,必修,3
工学部,E1090000,微分積分１及び演習,1年・2年・3年・4年,再履１,Ｇ２２０８,後期,水Ⅴ・水Ⅵ,必修,3
工学部,E1090000,微分積分１及び演習,1年・2年・3年・4年,再履２,Ｇ２２０８,後期,木Ⅴ・木Ⅵ,必修,3
工学部,E1096000,物理実験,2年・3年・4年,X1,10号６・７Ｆ,前期,水Ⅲ・水Ⅳ,必修,2
工学部,E1098000,物理学（力学）,1年,11,Ｇ３２０３,後期,火Ⅲ,必修,2
工学部,E1098000,物理学（力学）,1年・2年・3年・4年,21,Ｇ３２０３,後期,火Ⅳ,必修,2
工学部,E1098000,物理学（力学）,2年・3年・4年,再履１,Ｇ２２０９,前期,木Ⅴ,必修,2
工学部,E1098000,物理学（力学）,2年・3年・4年,再履２,Ｇ２２０８,前期,火Ⅴ,必修,2
工学部,E1098000,物理学（力学）,1年・2年・3年・4年,再履３,Ｇ２２０８,後期,火Ⅴ,必修,2
工学部,E1100000,プログラミング１及び演習,1年・2年・3年・4年,11,セ－実習室１,前期,水Ⅰ・水Ⅱ,必修,3
工学部,E1100000,プログラミング１及び演習,1年・2年・3年・4年,21,情教実習室Ｂ,前期,水Ⅰ・水Ⅱ,必修,3
工学部,E1101000,プログラミング２及び演習,1年・2年・3年・4年,11,セ－実習室１,後期,水Ⅰ・水Ⅱ,必修,3
工学部,E1101000,プログラミング２及び演習,1年・2年・3年・4年,21,情教実習室Ｂ,後期,水Ⅰ・水Ⅱ,必修,3
工学部,E1101000,プログラミング２及び演習,2年・3年・4年,再履１,情教実習室Ａ,後期,水Ⅴ・水Ⅵ,必修,3
工学部,E1102000,アナログ回路１,2年・3年・4年,11,１－３０３,前期,月Ⅱ,必修,2
工学部,E1102000,アナログ回路１,2年・3年・4年,21,Ｇ２３１０,前期,月Ⅱ,必修,2
工学部,E1103000,ディジタル回路１,2年・3年・4年,11,Ｇ２５１,前期,火Ⅲ,必修,2
工学部,E1103000,ディジタル回路１,2年・3年・4年,21,Ｇ２５２,前期,火Ⅲ,必修,2
工学部,E1104000,電気工学実験１Ａ,3年・4年,X1,計測実験室,前期,木Ⅰ・木Ⅱ・木Ⅲ・木Ⅳ・金Ⅰ・金Ⅱ・金Ⅲ・金Ⅳ,必修,2
工学部,E1104000,電気工学実験１Ａ,3年・4年,再履１,計測実験室,後期,木Ⅵ・金Ⅵ,必修,2
工学部,E1105000,電気工学実験２Ａ,3年・4年,X1,機器実験室,前期,木Ⅰ・木Ⅱ・木Ⅲ・木Ⅳ・金Ⅰ・金Ⅱ・金Ⅲ・金Ⅳ,必修,2
工学部,E1105000,電気工学実験２Ａ,3年・4年,再履１,機器実験室,後期,木Ⅵ・金Ⅵ,必修,2
工学部,E1106000,電気工学実験３Ａ,3年・4年,X1,８－３０４,前期,木Ⅰ・木Ⅱ・木Ⅲ・木Ⅳ・金Ⅰ・金Ⅱ・金Ⅲ・金Ⅳ,必修,2
工学部,E1106000,電気工学実験３Ａ,3年・4年,再履１,８－３０４,後期,木Ⅵ・金Ⅵ,必修,2
工学部,E1107000,電気工学実験１Ｂ,3年・4年,X1,計測実験室,後期,木Ⅰ・木Ⅱ・木Ⅲ・木Ⅳ・金Ⅰ・金Ⅱ・金Ⅲ・金Ⅳ,必修,2
工学部,E1108000,電気工学実験２Ｂ,3年・4年,X1,機器実験室,後期,木Ⅰ・木Ⅱ・木Ⅲ・木Ⅳ・金Ⅰ・金Ⅱ・金Ⅲ・金Ⅳ,必修,2
工学部,E1109000,電気工学実験３Ｂ,3年・4年,X1,８－３０４・情教実習室Ｂ,後期,木Ⅰ・木Ⅱ・木Ⅲ・木Ⅳ・金Ⅰ・金Ⅱ・金Ⅲ・金Ⅳ,必修,2
工学部,E1110000,データサイエンス基礎数理,1年・2年,11,Ｇ２５０５,前期,火Ⅲ,必修,2
工学部,E1110000,データサイエンス基礎数理,1年・2年,21,１－４０１,前期,火Ⅲ,必修,2
工学部,E1111000,電気工学セミナー,1年・2年・3年・4年,X1,１２－ゼミ室,前期,月Ⅲ,必修,1
工学部,E2010000,パワーエレクトロニクス,3年・4年,X1,Ｇ２１１０,後期,水Ⅳ,選択,2
工学部,E2011000,フーリエ解析,2年・3年・4年,11,Ｇ２４０８,後期,金Ⅱ,選択,2
工学部,E2011000,フーリエ解析,2年・3年・4年,21,Ｇ２４０９,後期,金Ⅱ,選択,2
工学部,E2012000,メカトロニクス,3年・4年,X1,ＥＲ２２１,後期,火Ⅲ,選択,2
工学部,E2015000,化学,1年・2年・3年・4年,A1,Ｇ１５１,前期,金Ⅳ,選択,2
工学部,E2015000,化学,1年・2年・3年・4年,B1,Ｇ１５１,前期,金Ⅲ,選択,2
工学部,E2020000,確率・統計,2年・3年・4年,X1,１－４０１,前期,月Ⅲ,選択,2
工学部,E2035000,高電圧工学,3年・4年,X1,１－４０１,後期,月Ⅲ,選択,2
工学部,E2078000,電気回路３,2年・3年・4年,11,Ｇ２５２,後期,月Ⅲ,選択,2
工学部,E2078000,電気回路３,2年・3年・4年,21,Ｇ２５１,後期,月Ⅲ,選択,2
工学部,E2091000,電気機器設計・製図,4年,A1,ＥＲ２２１,前期,金Ⅰ・金Ⅱ,選択,2
工学部,E2091000,電気機器設計・製図,4年,B1,ＥＲ２２１,前期,金Ⅲ・金Ⅳ,選択,2
工学部,E2100000,電気磁気学３及び演習,2年・3年・4年,11,Ｇ２５０５,後期,水Ⅰ・水Ⅱ,選択,3
工学部,E2100000,電気磁気学３及び演習,2年・3年・4年,21,Ｇ２５０６,後期,水Ⅰ・水Ⅱ,選択,3
工学部,E2103000,電気法規,4年,X1,１－３０３,前期,月Ⅴ,選択,2
工学部,E2125000,電力システム工学,4年,X1,１２－２０１,前期,火Ⅲ,選択,2
工学部,E2135000,微分方程式,2年・3年・4年,11,Ｇ１５２,前期,金Ⅳ,選択,2
工学部,E2135000,微分方程式,2年・3年・4年,21,Ｇ２５１,前期,金Ⅲ,選択,2
工学部,E2147000,機械工学概論,3年・4年,X1,Ｇ２５２,後期,火Ⅱ,選択,2
工学部,E2148000,職業指導,4年,X1,Ｇ１５１,後期,木Ⅲ,選択,2
工学部,E2151000,インターンシップ,1年・2年・3年・4年,X1,,後期,集中,選択,2
工学部,E2152000,量子物理,2年・3年・4年,11,１－４０１,後期,火Ⅲ,選択,2
工学部,E2152000,量子物理,2年・3年・4年,21,１－４０１,後期,火Ⅳ,選択,2
工学部,E2154000,アナログ回路２,2年・3年・4年,A1,１２－３０３,後期,火Ⅱ,選択,2
工学部,E2154000,アナログ回路２,2年・3年・4年,B1,１２－２０２,後期,火Ⅰ,選択,2
工学部,E2155000,ディジタル回路２,2年・3年・4年,A1,１２－３０３,後期,火Ⅰ,選択,2
工学部,E2155000,ディジタル回路２,2年・3年・4年,B1,１２－２０２,後期,火Ⅱ,選択,2
工学部,E2158000,電子デバイス工学,3年・4年,A1,ＥＲ２２１,前期,月Ⅰ,選択,2
工学部,E2158000,電子デバイス工学,3年・4年,B1,ＥＲ２２１,前期,月Ⅱ,選択,2
工学部,E2159000,電気機器工学,3年・4年,A1,ＥＲ２２１,前期,火Ⅳ,選択,2
工学部,E2159000,電気機器工学,3年・4年,B1,ＥＲ３２２,前期,火Ⅲ,選択,2
工学部,E2159000,電気機器工学,3年・4年,Z9,ＥＲ２２１,前期,火Ⅳ,選択,2
工学部,E2160000,電気電子材料学１,2年・3年・4年,X1,Ｇ２２１０,後期,水Ⅲ,選択,2
工学部,E2161000,電気電子材料学２,3年・4年,X1,１－４０１,前期,水Ⅲ,選択,2
工学部,E2162000,電気エネルギー工学,2年・3年・4年,A1,ＥＲ３２２,後期,金Ⅲ,選択,2
工学部,E2162000,電気エネルギー工学,2年・3年・4年,B1,ＥＲ２２２,後期,金Ⅳ,選択,2
工学部,E2162000,電気エネルギー工学,2年・3年・4年,Z9,ＥＲ２２２,後期,金Ⅳ,選択,2
工学部,E2164000,電気電子応用工学,4年,X1,Ｇ２２０８,前期,水Ⅲ,選択,2
工学部,E2165000,制御工学,3年・4年,X1,１－４０１,前期,水Ⅳ,選択,2
工学部,E2167000,電機システム工学,4年,X1,Ｇ２２０８,前期,水Ⅰ,選択,2
工学部,E2171000,工学基礎数理,2年・3年・4年,再履１,Ｇ２３１０,前期,火Ⅴ,選択,2
工学部,E2172000,微分積分２及び演習,1年,11,Ｇ２５１,後期,木Ⅰ・木Ⅱ,選択,3
工学部,E2172000,微分積分２及び演習,1年・2年・3年・4年,21,Ｇ２２０８,後期,木Ⅰ・木Ⅱ,選択,3
工学部,E2172000,微分積分２及び演習,2年・3年・4年,再履１,Ｇ２２０８,前期,木Ⅴ・木Ⅵ,選択,3
工学部,E2173000,物理学（波動）,2年・3年・4年,11,Ｇ１５２,前期,金Ⅲ,選択,2
工学部,E2173000,物理学（波動）,2年・3年・4年,21,Ｇ２５１,前期,金Ⅳ,選択,2
工学部,E2174000,電気電子計測,2年・3年・4年,A1,ＥＲ３２２,後期,金Ⅳ,選択,2
工学部,E2174000,電気電子計測,2年・3年・4年,B1,ＥＲ２２２,後期,金Ⅲ,選択,2
工学部,E2175000,電気実用英語,3年・4年,X1,Ｇ２１１０,後期,水Ⅲ,選択,2
工学部,E2176000,電気技術英語,3年・4年,A1,ＥＲ２２１,前期,火Ⅲ,選択,2
工学部,E2176000,電気技術英語,3年・4年,B1,ＥＲ３２２,前期,火Ⅳ,選択,2
工学部,E2177000,電気電子工学基礎,1年・2年・3年・4年,11,Ｇ２５１,前期,月Ⅱ,選択,2
工学部,E2177000,電気電子工学基礎,1年・2年・3年・4年,21,Ｇ２５２,前期,月Ⅱ,選択,2
工学部,L0202000,技術者倫理,3年・4年,X1,１－３０３,後期,金Ⅲ,選択,2
工学部,L0203000,地球環境,3年・4年,X1,Ｇ１５２,後期,月Ⅱ,選択,2
工学部,L0204000,キャリア意識形成,2年,11,１－５０１,前期,木Ⅱ,選択,2
工学部,L0204000,キャリア意識形成,2年,21,Ｇ２５０６,前期,金Ⅱ,選択,2
工学部,L0209000,情報処理演習,3年・4年,X1,セ－実習室１,後期,金Ⅰ・金Ⅱ,選択,2
工学部,L0210000,キャリアデザイン,3年・4年,11,Ｇ２４０７,後期,火Ⅲ,選択,2
工学部,L0210000,キャリアデザイン,3年・4年,21,Ｇ２４０９,後期,火Ⅲ,選択,2
工学部,L1001000,物理学（力学）,1年,11,１－３０３,前期,金Ⅱ,必修,2
工学部,L1001000,物理学（力学）,1年,21,Ｇ３４０２,前期,金Ⅱ,必修,2
工学部,L1001000,物理学（力学）,1年・2年・3年・4年,31,Ｇ２２０８,前期,金Ⅱ,必修,2
工学部,L1001000,物理学（力学）,2年・3年・4年,再履１,Ｇ２２０９,前期,木Ⅴ,必修,2
工学部,L1001000,物理学（力学）,2年・3年・4年,再履２,Ｇ２２０８,前期,火Ⅴ,必修,2
工学部,L1001000,物理学（力学）,1年・2年・3年・4年,再履３,Ｇ２２０８,後期,火Ⅴ,必修,2
工学部,L1003000,設計製図１,1年・2年・3年・4年,X1,２－Ｂ１０１,後期,火Ⅲ・火Ⅳ,必修,2
工学部,L1004000,設計製図２,2年・3年・4年,X1,２－Ｂ１０１,前期,金Ⅲ・金Ⅳ・金Ⅴ,必修,3
工学部,L1005000,設計製図３,2年・3年・4年,X1,２－Ｂ１０１,後期,金Ⅲ・金Ⅳ・金Ⅴ,必修,3
工学部,L1006000,建築計画学,1年・2年・3年・4年,X1,１－３０３,後期,金Ⅱ,必修,2
工学部,L1006000,建築計画学,2年・3年・4年,再履１,Ｇ２１１０,後期,水Ⅱ,必修,2
工学部,L1007000,住居計画,2年・3年・4年,X1,Ｇ３３０３,前期,月Ⅲ,必修,2
工学部,L1008000,施設計画１,2年・3年・4年,X1,Ｇ１５１,後期,水Ⅳ,必修,2
工学部,L1009000,都市計画１,3年・4年,X1,７－２０１,前期,月Ⅰ,必修,2
工学部,L1012000,西洋建築史,2年・3年・4年,X1,Ｇ２２０９,後期,月Ⅲ,必修,2
工学部,L1014000,住居設備１,2年・3年・4年,X1,Ｇ２５２,後期,水Ⅲ,必修,2
工学部,L1015000,建築構造力学１及び演習,1年・2年・3年・4年,X1,１－３０３,後期,月Ⅲ・月Ⅳ,必修,3
工学部,L1016000,建築構造力学２及び演習,2年・3年・4年,X1,１－３０３,前期,水Ⅳ・水Ⅴ,必修,3
工学部,L1018000,木構造,2年・3年・4年,X1,Ｇ２５１,前期,水Ⅲ,必修,2
工学部,L1019000,建築構造材料,2年・3年・4年,X1,７－２０６,前期,木Ⅰ,必修,2
工学部,L1021000,建築法規及び行政,3年・4年,X1,Ｇ１５１,前期,木Ⅲ,必修,2
工学部,L1022000,卒業研究,4年,X1,,通年,時間外,必修,4
工学部,L1023000,建築工学実験,3年・4年,X1,Ｇ２３１０,前期,金Ⅰ・金Ⅱ,必修,2
工学部,L1024000,建築施工１,3年・4年,X1,７－２０１,前期,木Ⅳ,必修,2
工学部,L1025000,工学基礎数理,2年・3年・4年,再履１,Ｇ２３１０,前期,火Ⅴ,必修,2
工学部,L1026000,建築図学,1年・2年・3年・4年,X1,２－Ｂ１０１,前期,火Ⅲ・火Ⅳ,必修,2
工学部,L1027000,設計製図４,3年・4年,X1,２－Ｂ１０１,前期,水Ⅲ・水Ⅳ・水Ⅴ,必修,3
工学部,L1028000,インテリアデザイン,3年・4年,X1,Ｇ２２１０,前期,火Ⅳ,必修・選択,2
工学部,L1029000,住居建築史,1年・2年・3年・4年,X1,１－５０１,後期,火Ⅰ,必修,2
工学部,L1030000,住環境工学１,1年・2年・3年・4年,X1,１－５０１,後期,金Ⅲ,必修,2
工学部,L1030000,住環境工学１,1年・2年・3年・4年,Z9,１－５０１,後期,金Ⅲ,選択,2
工学部,L1031000,建築概説,1年・2年・3年・4年,X1,Ｇ２２０８,前期,金Ⅲ,必修,2
工学部,L1032000,鉄筋コンクリート構造,2年・3年・4年,X1,１－４０１,後期,金Ⅰ,必修,2
工学部,L1033000,データサイエンス基礎数理,1年・2年,11,１－４０１,前期,火Ⅰ,必修,2
工学部,L1033000,データサイエンス基礎数理,1年・2年,21,１－５０１,前期,火Ⅰ,必修,2
工学部,L1034000,建築セミナー,1年・2年・3年・4年,X1,１－３０１・１－３０３,前期,水Ⅰ・木Ⅰ,必修,1
工学部,L2001000,線形代数１,1年・2年・3年・4年,11,Ｇ３２０１,前期,月Ⅱ,選択,2
工学部,L2001000,線形代数１,1年・2年・3年・4年,21,Ｇ２５０６,前期,月Ⅱ,選択,2
工学部,L2002000,線形代数２,1年・2年・3年・4年,11,Ｇ３２０３,後期,月Ⅱ,選択,2
工学部,L2002000,線形代数２,1年・2年・3年・4年,21,Ｇ３３０２,後期,月Ⅱ,選択,2
工学部,L2003000,微分積分１及び演習,1年,11,Ｇ２４０７,前期,木Ⅲ・木Ⅳ,選択,3
工学部,L2003000,微分積分１及び演習,1年,21,１－５０１,前期,木Ⅲ・木Ⅳ,選択,3
工学部,L2003000,微分積分１及び演習,1年・2年・3年・4年,31,Ｇ２５２,前期,木Ⅲ・木Ⅳ,選択,3
工学部,L2003000,微分積分１及び演習,1年・2年・3年・4年,再履１,Ｇ２２０８,後期,水Ⅴ・水Ⅵ,選択,3
工学部,L2003000,微分積分１及び演習,1年・2年・3年・4年,再履２,Ｇ２２０８,後期,木Ⅴ・木Ⅵ,選択,3
工学部,L2004000,微分積分２及び演習,1年,11,Ｇ２５０６,後期,木Ⅲ・木Ⅳ,選択,3
工学部,L2004000,微分積分２及び演習,1年,21,Ｇ２５２,後期,木Ⅲ・木Ⅳ,選択,3
工学部,L2004000,微分積分２及び演習,1年・2年・3年・4年,31,Ｇ２３１１,後期,木Ⅲ・木Ⅳ,選択,3
工学部,L2004000,微分積分２及び演習,2年・3年・4年,再履１,Ｇ２２０８,前期,木Ⅴ・木Ⅵ,選択,3
工学部,L2005000,微分方程式,2年・3年・4年,X1,Ｇ３２０１,前期,火Ⅲ,選択,2
工学部,L2006000,確率・統計,2年・3年・4年,X1,Ｇ３５０４,前期,月Ⅰ,選択,2
工学部,L2007000,物理学（波動）,2年・3年・4年,11,Ｇ２２０９,前期,月Ⅱ,選択,2
工学部,L2007000,物理学（波動）,2年・3年・4年,21,Ｇ２２０８,前期,月Ⅱ,選択,2
工学部,L2008000,物理学（電磁気学）,1年・2年・3年・4年,11,Ｇ３３０３,後期,水Ⅰ,選択,2
工学部,L2008000,物理学（電磁気学）,1年・2年・3年・4年,21,Ｇ３４０３,後期,水Ⅰ,選択,2
工学部,L2009000,物理実験,2年・3年・4年,X1,10号６・７Ｆ,後期,火Ⅲ・火Ⅳ,選択,2
工学部,L2010000,化学１,1年・2年・3年・4年,X1,Ｇ２５１,前期,火Ⅱ,選択,2
工学部,L2017000,住居計画演習,2年・3年・4年,X1,７－２０１,前期,水Ⅱ,選択,1
工学部,L2018000,ランドスケープデザイン,3年・4年,X1,７－２０２,後期,木Ⅱ,選択,2
工学部,L2020000,生活デザイン,1年・2年・3年・4年,X1,１－４０１,後期,水Ⅱ,選択,2
工学部,L2020000,生活デザイン,1年・2年・3年・4年,Z1,１－４０１,後期,水Ⅱ,選択,2
工学部,L2022000,環境行動計画,3年・4年,X1,Ｇ２１１０,後期,月Ⅳ,選択,2
工学部,L2026000,建築意匠論,3年・4年,X1,Ｇ２３１０,後期,水Ⅱ,選択,2
工学部,L2027000,造形,1年・2年・3年・4年,X1,２－Ｂ２０１,前期,月Ⅳ・月Ⅴ,選択,2
工学部,L2028000,環境保全論,4年,X1,１２－２０２,前期,木Ⅲ,選択,2
工学部,L2029000,住居設備２,3年・4年,X1,７－２０６,前期,火Ⅲ,選択,2
工学部,L2030000,住居設備設計,3年・4年,X1,セ－実習室１,後期,月Ⅲ・月Ⅳ,選択,2
工学部,L2032000,鉄骨構造,3年・4年,X1,７－２０３,前期,月Ⅳ,選択,2
工学部,L2035000,インテリア材料,2年・3年・4年,X1,７－２０１,後期,水Ⅱ,選択,2
工学部,L2037000,住宅生産,3年・4年,X1,１－５０２,後期,木Ⅲ,選択,2
工学部,L2038000,測量学,4年,X1,７－２０３,前期,水Ⅲ,選択,2
工学部,L2039000,測量実習,4年,X1,７－２０３,前期,水Ⅳ・水Ⅴ,選択,2
工学部,L2040000,職業指導,4年,X1,Ｇ１５１,後期,木Ⅳ,選択,2
工学部,L2048000,建築ＣＡＤ,2年・3年・4年,X1,情教実習室Ａ,後期,火Ⅰ・火Ⅱ,選択,2
工学部,L2049000,建築ＣＡＤ応用,3年・4年,11,ＰＣ学習室,前期,火Ⅰ・火Ⅱ,選択,2
工学部,L2049000,建築ＣＡＤ応用,3年・4年,21,情教実習室Ａ,前期,火Ⅰ・火Ⅱ,選択,2
工学部,L2050000,空間設計１,3年・4年,X1,２－Ｂ１０１,後期,水Ⅲ・水Ⅳ,選択,2
工学部,L2051000,空間設計２,4年,X1,１２－２０１,前期,月Ⅲ・月Ⅳ,選択,2
工学部,L2052000,都市・まちづくり,3年・4年,X1,７－２０２,後期,火Ⅱ,選択,2
工学部,L2053000,日本建築史,2年・3年・4年,X1,７－２０２,前期,火Ⅰ,選択,2
工学部,L2054000,住環境工学２,2年・3年・4年,X1,Ｇ２３１０,前期,木Ⅳ,選択,2
工学部,L2055000,ファシリティマネジメント,4年,X1,７－２０６,前期,金Ⅱ,選択,2
工学部,L2056000,建築ディテール,3年・4年,X1,１－３０１,前期,水Ⅱ,選択,2
工学部,L2061000,情報リテラシ,1年・2年・3年・4年,X1,セ－実習室２,前期,水Ⅱ,選択,1
工学部,L2063000,インターンシップ,1年・2年・3年・4年,X1,,後期,集中,選択,2
工学部,M0101000,工学基礎数理及び演習,3年・4年,再履１,Ｇ２２０９,前期,月Ⅴ・火Ⅴ,必修,3
工学部,M0204000,キャリア意識形成,2年,11,１２－３０３,後期,月Ⅱ,選択,2
工学部,M0204000,キャリア意識形成,2年,21,Ｇ２５２,後期,月Ⅱ,選択,2
工学部,M0207000,キャリアデザイン,3年・4年,12,Ｇ２４０８,前期,火Ⅰ,選択,2
工学部,M0207000,キャリアデザイン,3年・4年,22,Ｇ２４０９,前期,火Ⅰ,選択,2
工学部,M0208000,工学基礎数理,2年・3年・4年,再履１,Ｇ２３１０,前期,火Ⅴ,選択,2
工学部,M1006000,機械工学実験１,3年・4年,X1,１３－１０１,前期,火Ⅲ・火Ⅳ,必修,2
工学部,M1007000,機械工学実験２,3年・4年,X1,指定教室,後期,火Ⅲ・火Ⅳ,必修,2
工学部,M1026000,機械力学１,1年・2年・3年・4年,11,Ｇ２２１０,後期,金Ⅱ,必修,2
工学部,M1026000,機械力学１,1年・2年・3年・4年,21,Ｇ２３１０,後期,月Ⅲ,必修,2
工学部,M1030000,機構学,2年・3年・4年,11,Ｇ２５２,前期,水Ⅳ,必修,2
工学部,M1030000,機構学,2年・3年・4年,21,Ｇ２２０９,前期,金Ⅲ,必修,2
工学部,M1037000,材料力学１,1年,11,Ｇ２２０９,前期,月Ⅲ,必修,2
工学部,M1037000,材料力学１,1年,21,１－５０２,前期,水Ⅲ,必修,2
工学部,M1037000,材料力学１,2年・3年・4年,再履１,１３－１０１,前期,月Ⅴ,必修,2
工学部,M1041000,材料力学２,1年,11,Ｇ２２０８,後期,月Ⅲ,必修,2
工学部,M1041000,材料力学２,1年,21,Ｇ１５２,後期,水Ⅲ,必修,2
工学部,M1041000,材料力学２,2年・3年・4年,再履１,１－３０３,後期,木Ⅴ,必修,2
工学部,M1063000,線形代数１,1年・2年・3年・4年,11,Ｇ１５２,前期,水Ⅲ,必修,2
工学部,M1063000,線形代数１,1年・2年・3年・4年,21,Ｇ２３１０,前期,金Ⅳ,必修,2
工学部,M1064000,線形代数２,1年・2年・3年・4年,11,Ｇ１５１,後期,水Ⅲ,必修,2
工学部,M1064000,線形代数２,1年・2年・3年・4年,21,Ｇ２２０９,後期,金Ⅳ,必修,2
工学部,M1067000,卒業研究,4年,X1,,通年,時間外,必修,4
工学部,M1070000,熱力学１,2年・3年・4年,11,Ｇ１５１,前期,水Ⅱ,必修,2
工学部,M1070000,熱力学１,2年・3年・4年,21,Ｇ１５２,前期,月Ⅱ,必修,2
工学部,M1073000,熱力学２,2年・3年・4年,11,Ｇ２３１０,後期,金Ⅳ,必修,2
工学部,M1073000,熱力学２,2年・3年・4年,21,Ｇ２５１,後期,金Ⅱ,必修,2
工学部,M1078000,微分積分１及び演習,1年,11,Ｇ２４０７,前期,火Ⅰ・火Ⅱ,必修,3
工学部,M1078000,微分積分１及び演習,1年,21,Ｇ１５２,前期,火Ⅰ・火Ⅱ,必修,3
工学部,M1078000,微分積分１及び演習,1年,31,Ｇ３４０３,前期,火Ⅰ・火Ⅱ,必修,3
工学部,M1078000,微分積分１及び演習,1年・2年・3年・4年,41,Ｇ２５２,前期,火Ⅰ・火Ⅱ,必修,3
工学部,M1078000,微分積分１及び演習,1年・2年・3年・4年,再履１,Ｇ２２０８,後期,水Ⅴ・水Ⅵ,必修,3
工学部,M1078000,微分積分１及び演習,1年・2年・3年・4年,再履２,Ｇ２２０８,後期,木Ⅴ・木Ⅵ,必修,3
工学部,M1084000,物理実験,2年・3年・4年,X1,10号６・７Ｆ,後期,木Ⅲ・木Ⅳ,必修,2
工学部,M1096000,物理学（力学）,1年,11,１－３０３,後期,金Ⅰ,必修,2
工学部,M1096000,物理学（力学）,1年,21,Ｇ２３１１,後期,金Ⅰ,必修,2
工学部,M1096000,物理学（力学）,1年,31,Ｇ２５１,後期,金Ⅰ,必修,2
工学部,M1096000,物理学（力学）,1年・2年・3年・4年,41,Ｇ２２０８,後期,金Ⅰ,必修,2
工学部,M1096000,物理学（力学）,2年・3年・4年,再履１,Ｇ２２０９,前期,木Ⅴ,必修,2
工学部,M1096000,物理学（力学）,2年・3年・4年,再履２,Ｇ２２０８,前期,火Ⅴ,必修,2
工学部,M1096000,物理学（力学）,1年・2年・3年・4年,再履３,Ｇ２２０８,後期,火Ⅴ,必修,2
工学部,M1098000,機械力学２,2年・3年・4年,11,Ｇ３２０３,前期,金Ⅲ,必修,2
工学部,M1098000,機械力学２,2年・3年・4年,21,Ｇ１５１,前期,水Ⅲ,必修,2
工学部,M1100000,機械材料,1年・2年・3年・4年,11,Ｇ１５１,前期,火Ⅳ,必修,2
工学部,M1100000,機械材料,1年・2年・3年・4年,21,Ｇ２５１,前期,月Ⅲ,必修,2
工学部,M1105000,流体力学１,2年・3年・4年,11,Ｇ１５１,前期,月Ⅱ,必修,2
工学部,M1105000,流体力学１,2年・3年・4年,21,Ｇ１５２,前期,水Ⅱ,必修,2
工学部,M1106000,流体力学２,2年・3年・4年,11,Ｇ２５１,後期,水Ⅰ,必修,2
工学部,M1106000,流体力学２,2年・3年・4年,21,Ｇ２２０８,後期,水Ⅳ,必修,2
工学部,M1107000,プログラミング,1年・2年・3年・4年,11,情教実習室Ａ,通年,月Ⅰ・金Ⅰ,必修,2
工学部,M1107000,プログラミング,1年・2年・3年・4年,21,情教実習室Ａ,通年,月Ⅰ・金Ⅰ,必修,2
工学部,M1108000,機械設計工学,2年・3年・4年,11,Ｇ２５２,前期,水Ⅲ,必修,2
工学部,M1108000,機械設計工学,2年・3年・4年,21,１３－１０１,前期,木Ⅲ,必修,2
工学部,M1109000,制御工学,2年・3年・4年,11,１－３０３,後期,水Ⅲ,必修,2
工学部,M1109000,制御工学,2年・3年・4年,21,Ｇ１５２,後期,水Ⅰ,必修,2
工学部,M1110000,生産加工学,3年・4年,11,１－４０１,前期,金Ⅳ,必修,2
工学部,M1110000,生産加工学,3年・4年,21,１－５０１,前期,木Ⅰ,必修,2
工学部,M1111000,機械製図１,1年,X1,１３－１０１,前期,木Ⅰ・木Ⅱ,必修,2
工学部,M1111000,機械製図１,2年・3年・4年,再履１,Ｇ２５２,前期,木Ⅰ・木Ⅱ,必修,2
工学部,M1112000,機械製図２,1年,X1,１３－１０１,後期,木Ⅰ・木Ⅱ,必修,2
工学部,M1112000,機械製図２,2年・3年・4年,再履１,Ｇ１５１,後期,木Ⅰ・木Ⅱ,必修,2
工学部,M1113000,統合設計製作１,2年・3年・4年,11,１３－２０１,前期,月Ⅲ・月Ⅳ,必修,2
工学部,M1113000,統合設計製作１,2年・3年・4年,21,１３－２０１,前期,火Ⅲ・火Ⅳ,必修,2
工学部,M1114000,統合設計製作２,2年・3年・4年,11,１３－１０１,後期,月Ⅲ・月Ⅳ,必修,2
工学部,M1114000,統合設計製作２,2年・3年・4年,21,１３－１０１,後期,火Ⅲ・火Ⅳ,必修,2
工学部,M1115000,統合設計製作３,3年・4年,11,情教実習室Ａ,前期,水Ⅲ・水Ⅳ,必修,2
工学部,M1115000,統合設計製作３,3年・4年,21,情教実習室Ａ,前期,水Ⅰ・水Ⅱ,必修,2
工学部,M1116000,データサイエンス基礎数理,1年・2年,11,Ｇ２２０９,前期,月Ⅰ,必修,2
工学部,M1116000,データサイエンス基礎数理,1年・2年,21,１－３０３,前期,月Ⅰ,必修,2
工学部,M2001000,エネルギー変換工学,3年・4年,X1,Ｇ１５１,後期,金Ⅳ,選択,2
工学部,M2006000,化学,3年・4年,X1,Ｇ２２１０,後期,火Ⅱ,選択,2
工学部,M2012000,確率・統計,3年・4年,X1,１－４０１,前期,月Ⅳ,選択,2
工学部,M2032000,計測工学,3年・4年,X1,Ｇ２２１０,前期,木Ⅲ,選択,2
工学部,M2040000,材料工学,1年・2年・3年・4年,X1,Ｇ２２１０,後期,水Ⅰ,選択,2
工学部,M2072000,伝熱工学,3年・4年,X1,１３－４０１,後期,月Ⅲ,選択,2
工学部,M2093000,微分方程式,2年・3年・4年,11,Ｇ２３１０,後期,金Ⅲ,選択,2
工学部,M2093000,微分方程式,2年・3年・4年,21,Ｇ２３１１,後期,金Ⅲ,選択,2
工学部,M2113000,機械設計製図,3年・4年,X1,１３－１０１,後期,水Ⅲ・水Ⅳ,選択,2
工学部,M2118000,電気工学,1年・2年・3年・4年,X1,Ｇ２３１０,後期,火Ⅳ,選択,2
工学部,M2119000,先端材料,4年,X1,１３－４０１,前期,木Ⅰ・木Ⅱ,選択,2
工学部,M2128000,職業指導,4年,X1,Ｇ２３１１,前期,金Ⅳ,選択,2
工学部,M2131000,インターンシップ,1年・2年・3年・4年,X1,,後期,集中,選択,2
工学部,M2132000,微分積分２及び演習,1年,11,Ｇ２５０５,後期,火Ⅰ・火Ⅱ,選択,3
工学部,M2132000,微分積分２及び演習,1年,21,Ｇ２５０６,後期,火Ⅰ・火Ⅱ,選択,3
工学部,M2132000,微分積分２及び演習,1年,31,Ｇ２５０７,後期,火Ⅰ・火Ⅱ,選択,3
工学部,M2132000,微分積分２及び演習,1年・2年・3年・4年,41,Ｇ２３１０,後期,火Ⅰ・火Ⅱ,選択,3
工学部,M2132000,微分積分２及び演習,2年・3年・4年,再履１,Ｇ２２０８,前期,木Ⅴ・木Ⅵ,選択,3
工学部,M2134000,物理学（電磁気学）,2年・3年・4年,11,Ｇ２５２,前期,金Ⅰ,選択,2
工学部,M2134000,物理学（電磁気学）,2年・3年・4年,21,Ｇ２５０６,前期,金Ⅰ,選択,2
工学部,M2135000,機械デザインセミナー,1年・2年・3年・4年,X1,１３－１０１,後期,水Ⅱ,選択,1
工学部,M2136000,応用材料力学,2年・3年,X1,Ｇ２２１０,後期,木Ⅱ,選択,2
工学部,M2137000,機械要素設計,2年・3年・4年,X1,Ｇ２２１０,後期,水Ⅱ,選択,2
工学部,M2138000,電子回路,2年・3年・4年,X1,Ｇ２５２,後期,木Ⅰ,選択,2
工学部,M2139000,制御工学応用,3年・4年,X1,１－４０１,前期,金Ⅲ,選択,2
工学部,M2140000,センサ・アクチュエータ工学,3年・4年,X1,Ｇ２２０８,後期,火Ⅰ,選択,2
工学部,M2141000,数値解析法,3年・4年,X1,１３－１０１,後期,月Ⅱ,選択,2
工学部,M2142000,品質工学,4年,X1,１３－１０１,前期,月Ⅰ,選択,2
工学部,M2146000,自動車工学概論,3年・4年,X1,１－３０３,前期,木Ⅱ,選択,2
工学部,M2147000,航空宇宙工学概論,3年・4年,X1,Ｇ２２０８,前期,木Ⅳ,選択,2
工学部,M2148000,ロボット工学概論,3年・4年,X1,Ｇ３５０４,前期,月Ⅱ,選択,2
工学部,M2148000,ロボット工学概論,3年・4年,Z9,Ｇ３５０４,前期,月Ⅱ,選択,2
工学部,M2149000,生産プロセス工学,3年・4年,X1,Ｇ２５１,後期,木Ⅲ,選択,2
工学部,M2150000,流体システム,3年・4年,X1,１－４０１,後期,金Ⅲ,選択,2
工学部,M2151000,マイクロ・ナノ工学,3年・4年,X1,Ｇ２２１０,前期,金Ⅰ,選択,2
工学部,M2159000,アドバンスエンジニア概論,1年・2年・3年・4年,X1,１３－１０１,後期,木Ⅲ,選択,2
工学部,M2160000,アドバンスエンジニアリング英語１,2年・3年・4年,X1,Ｇ３４０３,前期,木Ⅰ,選択,2
工学部,M2161000,アドバンスエンジニアリング英語２,2年・3年・4年,X1,１３－３０１,後期,金Ⅰ,選択,2
工学部,M2162000,アドバンスエンジニアリング１,3年・4年,X1,１３－２０１,前期,金Ⅱ,選択,2
工学部,M2163000,アドバンスエンジニアリング２,3年・4年,X1,１３－４０１,後期,水Ⅱ,選択,2
工学部,M2164000,プロフェッショナルエンジニアリング１,4年,X1,１３－２０１,前期,金Ⅰ,選択,2
工学部,M2165000,プロフェッショナルエンジニアリング２,4年,X1,１３－４０１,後期,木Ⅴ,選択,2
工学部,M2166000,生体工学,4年,X1,１３－３０１,前期,水Ⅳ,選択,2
工学部,M2167000,機械工学セミナー,1年・2年・3年・4年,X1,１３－１０１,前期,金Ⅱ,選択,1
工学部,M2170000,技術者倫理,1年・2年・3年・4年,11,Ｇ１５１,前期,木Ⅳ,選択,2
工学部,M2170000,技術者倫理,1年・2年・3年・4年,21,Ｇ２５１,前期,木Ⅲ,選択,2
工学部,M2171000,コンピュータリテラシ,1年・2年・3年・4年,11,セ－実習室１,前期,木Ⅲ,選択,2
工学部,M2171000,コンピュータリテラシ,1年・2年・3年・4年,21,セ－実習室１,前期,木Ⅳ,選択,2
工学部,P0204000,キャリア意識形成,2年,12,Ｇ３５０２,前期,月Ⅱ,選択,2
工学部,P0204000,キャリア意識形成,2年,22,１２－２０１,後期,月Ⅲ,選択,2
工学部,P0207000,キャリアデザイン,3年・4年,11,Ｇ２４０７,後期,木Ⅳ,選択,2
工学部,P0207000,キャリアデザイン,3年・4年,21,Ｇ３２０３,後期,木Ⅳ,選択,2
工学部,P0208000,工学基礎数理,3年・4年,再履１,Ｇ２３１０,前期,火Ⅴ,選択,2
工学部,P1001000,線形代数１,1年・2年・3年・4年,11,Ｇ２３１０,前期,水Ⅲ,必修,2
工学部,P1001000,線形代数１,1年・2年・3年・4年,21,Ｇ２３１１,前期,水Ⅲ,必修,2
工学部,P1002000,線形代数２,1年・2年・3年・4年,11,Ｇ２３１０,後期,水Ⅲ,必修,2
工学部,P1002000,線形代数２,1年・2年・3年・4年,21,Ｇ２３１１,後期,水Ⅲ,必修,2
工学部,P1003000,微分積分１及び演習,1年,11,Ｇ２４０７,前期,火Ⅰ・火Ⅱ,必修,3
工学部,P1003000,微分積分１及び演習,1年,21,Ｇ１５２,前期,火Ⅰ・火Ⅱ,必修,3
工学部,P1003000,微分積分１及び演習,1年,31,Ｇ３４０３,前期,火Ⅰ・火Ⅱ,必修,3
工学部,P1003000,微分積分１及び演習,1年・2年・3年・4年,41,Ｇ２５２,前期,火Ⅰ・火Ⅱ,必修,3
工学部,P1003000,微分積分１及び演習,1年・2年・3年・4年,再履１,Ｇ２２０８,後期,水Ⅴ・水Ⅵ,必修,3
工学部,P1003000,微分積分１及び演習,1年・2年・3年・4年,再履２,Ｇ２２０８,後期,木Ⅴ・木Ⅵ,必修,3
工学部,P1004000,物理学（力学）,1年,11,１－３０３,後期,金Ⅰ,必修,2
工学部,P1004000,物理学（力学）,1年,21,Ｇ２３１１,後期,金Ⅰ,必修,2
工学部,P1004000,物理学（力学）,1年,31,Ｇ２５１,後期,金Ⅰ,必修,2
工学部,P1004000,物理学（力学）,1年・2年・3年・4年,41,Ｇ２２０８,後期,金Ⅰ,必修,2
工学部,P1004000,物理学（力学）,2年・3年・4年,再履１,Ｇ２２０９,前期,木Ⅴ,必修,2
工学部,P1004000,物理学（力学）,2年・3年・4年,再履２,Ｇ２２０８,前期,火Ⅴ,必修,2
工学部,P1004000,物理学（力学）,1年・2年・3年・4年,再履３,Ｇ２２０８,後期,火Ⅴ,必修,2
工学部,P1005000,物理実験,2年・3年・4年,X1,10号６・７Ｆ,前期,木Ⅲ・木Ⅳ,必修,2
工学部,P1006000,材料力学１,1年,X1,１－５０１,前期,金Ⅱ,必修,2
工学部,P1006000,材料力学１,2年・3年・4年,再履１,１３－１０１,前期,月Ⅴ,必修,2
工学部,P1007000,材料力学２,1年,X1,１－５０１,後期,金Ⅱ,必修,2
工学部,P1007000,材料力学２,2年・3年・4年,再履１,１－３０３,後期,木Ⅴ,必修,2
工学部,P1008000,機械力学１,1年・2年・3年・4年,X1,Ｇ２１１０,後期,金Ⅳ,必修,2
工学部,P1009000,機械力学２,2年・3年・4年,X1,１－５０２,前期,火Ⅰ,必修,2
工学部,P1010000,流体力学１,2年・3年・4年,X1,Ｇ１５１,前期,月Ⅲ,必修,2
工学部,P1011000,流体力学２,2年・3年・4年,X1,１３－１０１,後期,金Ⅱ,必修,2
工学部,P1012000,熱力学１,2年・3年・4年,X1,１３－１０１,前期,火Ⅱ,必修,2
工学部,P1013000,熱力学２,2年・3年・4年,X1,１－３０３,後期,水Ⅱ,必修,2
工学部,P1014000,機械材料,1年・2年・3年・4年,X1,Ｇ２２１０,前期,月Ⅳ,必修,2
工学部,P1015000,プログラミング,1年・2年・3年・4年,11,セ－実習室１・セ－実習室２,通年,月Ⅳ・金Ⅰ,必修,2
工学部,P1015000,プログラミング,1年・2年・3年・4年,21,セ－実習室１・セ－実習室２,通年,月Ⅳ・金Ⅰ,必修,2
工学部,P1016000,機械設計工学,2年・3年・4年,X1,１－３０３,前期,水Ⅲ,必修,2
工学部,P1017000,機構学,2年・3年・4年,X1,１－４０１,前期,水Ⅱ,必修,2
工学部,P1018000,制御工学,2年・3年・4年,X1,１－３０３,後期,水Ⅰ,必修,2
工学部,P1019000,生産加工学,3年・4年,X1,１３－１０１,前期,水Ⅳ,必修,2
工学部,P1020000,機械製図１,1年・2年・3年・4年,X1,Ｇ２５２,前期,木Ⅰ・木Ⅱ,必修,2
工学部,P1021000,機械製図２,1年・2年・3年・4年,X1,Ｇ１５１,後期,木Ⅰ・木Ⅱ,必修,2
工学部,P1022000,統合設計製作１,2年・3年・4年,X1,１３－２０１,前期,火Ⅲ・火Ⅳ,必修,2
工学部,P1023000,統合設計製作２,2年・3年・4年,X1,１３－１０１,後期,火Ⅲ・火Ⅳ,必修,2
工学部,P1024000,統合設計製作３,3年・4年,X1,情教実習室Ａ,前期,火Ⅲ・火Ⅳ,必修,2
工学部,P1025000,機械工学実験１,3年・4年,X1,１３－１０１,前期,金Ⅲ・金Ⅳ,必修,2
工学部,P1026000,機械工学実験２,3年・4年,X1,１３－１０１,後期,金Ⅲ・金Ⅳ,必修,2
工学部,P1027000,卒業研究,4年,X1,,通年,時間外,必修,4
工学部,P1028000,データサイエンス基礎数理,1年・2年,11,Ｇ２２０８,前期,火Ⅳ,必修,2
工学部,P1028000,データサイエンス基礎数理,1年・2年,21,Ｇ２５２,前期,火Ⅳ,必修,2
工学部,P2001000,微分積分２及び演習,1年,11,Ｇ２５０５,後期,火Ⅰ・火Ⅱ,選択,3
工学部,P2001000,微分積分２及び演習,1年,21,Ｇ２５０６,後期,火Ⅰ・火Ⅱ,選択,3
工学部,P2001000,微分積分２及び演習,1年,31,Ｇ２５０７,後期,火Ⅰ・火Ⅱ,選択,3
工学部,P2001000,微分積分２及び演習,1年・2年・3年・4年,41,Ｇ２３１０,後期,火Ⅰ・火Ⅱ,選択,3
工学部,P2001000,微分積分２及び演習,2年・3年・4年,再履１,Ｇ２２０８,前期,木Ⅴ・木Ⅵ,選択,3
工学部,P2002000,微分方程式,2年・3年・4年,X1,Ｇ１５２,後期,木Ⅳ,選択,2
工学部,P2003000,確率・統計,3年・4年,X1,Ｇ２３１０,前期,月Ⅲ,選択,2
工学部,P2004000,物理学（電磁気学）,2年・3年・4年,X1,Ｇ２５２,前期,金Ⅱ,選択,2
工学部,P2005000,創造リサーチセミナー,1年・2年・3年・4年,X1,１３－３０１,後期,月Ⅲ,選択,1
工学部,P2006000,創造デザインセミナー,2年・3年・4年,X1,１３－３０１,前期,木Ⅱ,選択,1
工学部,P2007000,材料工学,1年・2年・3年・4年,X1,Ｇ２３１１,後期,火Ⅳ,選択,2
工学部,P2008000,電気工学,1年・2年・3年・4年,X1,Ｇ２５２,後期,水Ⅱ,選択,2
工学部,P2009000,応用材料力学,2年・3年,X1,Ｇ２２０８,後期,木Ⅲ,選択,2
工学部,P2010000,機械要素設計,2年・3年・4年,X1,１－５０２,後期,水Ⅳ,選択,2
工学部,P2011000,電子回路,2年・3年・4年,X1,Ｇ２５２,後期,木Ⅱ,選択,2
工学部,P2012000,制御工学応用,3年・4年,X1,１２－２０１,前期,木Ⅰ,選択,2
工学部,P2013000,計測工学,3年・4年,X1,Ｇ２３１０,前期,木Ⅱ,選択,2
工学部,P2014000,伝熱工学,3年・4年,X1,Ｇ２５２,後期,火Ⅰ,選択,2
工学部,P2015000,センサ・アクチュエータ工学,3年・4年,X1,Ｇ２５０５,後期,木Ⅲ,選択,2
工学部,P2016000,化学,3年・4年,X1,Ｇ２４０７,後期,火Ⅳ,選択,2
工学部,P2017000,数値解析法,3年・4年,X1,１３－２０１,後期,月Ⅱ,選択,2
工学部,P2018000,品質工学,4年,X1,１３－１０１,前期,月Ⅰ,選択,2
工学部,P2022000,自動車工学概論,2年・3年・4年,X1,Ｇ２２１０,後期,月Ⅱ,選択,2
工学部,P2022000,自動車工学概論,2年・3年・4年,Z9,Ｇ２２１０,後期,月Ⅱ,選択,2
工学部,P2023000,航空宇宙工学概論,2年・3年・4年,X1,１３－１０１,後期,火Ⅱ,選択,2
工学部,P2023000,航空宇宙工学概論,2年・3年・4年,Z9,１３－１０１,後期,火Ⅱ,,
工学部,P2025000,航空構造力学,3年・4年,X1,１３－２０１,前期,木Ⅳ,選択,2
工学部,P2026000,カーエレクトロニクス,3年・4年,X1,１３－３０１,後期,月Ⅳ,選択,2
工学部,P2027000,空気力学,3年・4年,X1,Ｇ２５１,後期,火Ⅱ,選択,2
工学部,P2028000,ロケット工学,4年,X1,１３－２０１,前期,火Ⅱ,選択,2
工学部,P2029000,ロボット工学概論,2年・3年・4年,X1,１３－１０１,後期,火Ⅰ,選択,2
工学部,P2030000,ディジタル回路,3年・4年,X1,１３－３０１,前期,木Ⅲ,選択,2
工学部,P2031000,ロボット運動学,3年・4年,X1,Ｇ２１１０,前期,水Ⅲ,選択,2
工学部,P2032000,ロボット制御,3年・4年,X1,１３－２０１,後期,木Ⅱ,選択,2
工学部,P2033000,マイコンプログラミング,3年・4年,11,マイコン室１,通年,月Ⅰ・月Ⅳ,選択,2
工学部,P2033000,マイコンプログラミング,3年・4年,21,マイコン室１,通年,月Ⅰ・月Ⅳ,選択,2
工学部,P2035000,情報処理,4年,X1,１３－３０１,前期,木Ⅳ,選択,2
工学部,P2036000,職業指導,4年,X1,Ｇ２３１１,前期,金Ⅳ,選択,2
工学部,P2044000,アドバンスエンジニア概論,1年・2年・3年・4年,X1,１３－１０１,後期,木Ⅲ,選択,2
工学部,P2045000,アドバンスエンジニアリング英語１,2年・3年・4年,X1,Ｇ３４０３,前期,木Ⅰ,選択,2
工学部,P2046000,アドバンスエンジニアリング英語２,2年・3年・4年,X1,１３－３０１,後期,金Ⅰ,選択,2
工学部,P2047000,アドバンスエンジニアリング１,3年・4年,X1,１３－２０１,前期,金Ⅱ,選択,2
工学部,P2048000,アドバンスエンジニアリング２,3年・4年,X1,１３－４０１,後期,水Ⅱ,選択,2
工学部,P2049000,プロフェッショナルエンジニアリング１,4年,X1,１３－２０１,前期,金Ⅰ,選択,2
工学部,P2050000,プロフェッショナルエンジニアリング２,4年,X1,１３－４０１,後期,木Ⅴ,選択,2
工学部,P2051000,自動車構造力学,3年・4年,X1,１３－１０１,前期,水Ⅱ,選択,2
工学部,P2052000,先進自動車論,4年,X1,１３－３０１,前期,水Ⅲ,選択,2
工学部,P2053000,ヒューマンロボットインタラクション,4年,X1,マイコン室２,前期,月Ⅲ,選択,2
工学部,P2054000,生体工学,4年,X1,１３－３０１,前期,水Ⅳ,選択,2
工学部,P2055000,機械創造セミナー,1年・2年・3年・4年,X1,１３－２０１,前期,水Ⅱ,選択,1
工学部,P2056000,技術者倫理,1年・2年・3年・4年,X1,Ｇ２２０８,前期,月Ⅲ,選択,2
工学部,P2057000,コンピュータリテラシ,1年・2年・3年・4年,X1,セ－実習室１,前期,月Ⅰ,選択,2
工学部,P2059000,インターンシップ,1年・2年・3年・4年,X1,,後期,集中,選択,2
工学部,S0204000,キャリア意識形成,2年,X1,Ｇ３４０３,前期,月Ⅱ,選択,2
工学部,S0205000,現代社会と倫理,3年・4年,X1,１－３０３,後期,金Ⅳ,選択,2
工学部,S0207000,キャリアデザイン,3年・4年,11,Ｇ２４０９,前期,火Ⅳ,選択,2
工学部,S0207000,キャリアデザイン,3年・4年,21,Ｇ２５０５,前期,火Ⅳ,選択,2
工学部,S1001000,線形代数１,1年・2年・3年・4年,11,Ｇ２５０６,前期,水Ⅳ,必修,2
工学部,S1001000,線形代数１,1年・2年・3年・4年,21,Ｇ２５０５,前期,水Ⅳ,必修,2
工学部,S1002000,線形代数２,1年・2年・3年・4年,11,Ｇ２５０７,後期,水Ⅳ,必修,2
工学部,S1002000,線形代数２,1年・2年・3年・4年,21,Ｇ２５０６,後期,水Ⅳ,必修,2
工学部,S1003000,微分積分１及び演習,1年,11,Ｇ１５２,前期,火Ⅲ・火Ⅳ,必修,3
工学部,S1003000,微分積分１及び演習,1年・2年・3年・4年,21,Ｇ２５０６,前期,火Ⅲ・火Ⅳ,必修,3
工学部,S1003000,微分積分１及び演習,1年・2年・3年・4年,再履１,Ｇ２２０８,後期,水Ⅴ・水Ⅵ,必修,3
工学部,S1003000,微分積分１及び演習,1年・2年・3年・4年,再履２,Ｇ２２０８,後期,木Ⅴ・木Ⅵ,必修,3
工学部,S1004000,物理学（力学）,1年,11,Ｇ２２０８,後期,火Ⅱ,必修,2
工学部,S1004000,物理学（力学）,1年・2年・3年・4年,21,Ｇ２４０８,後期,火Ⅱ,必修,2
工学部,S1004000,物理学（力学）,2年・3年・4年,再履１,Ｇ２２０９,前期,木Ⅴ,必修,2
工学部,S1004000,物理学（力学）,2年・3年・4年,再履２,Ｇ２２０８,前期,火Ⅴ,必修,2
工学部,S1004000,物理学（力学）,1年・2年・3年・4年,再履３,Ｇ２２０８,後期,火Ⅴ,必修,2
工学部,S1005000,物理学（波動）,2年・3年・4年,X1,１－３０３,前期,金Ⅰ,必修,2
工学部,S1005000,物理学（波動）,2年・3年・4年,再履１,Ｇ２２０９,後期,木Ⅴ,必修,2
工学部,S1006000,物理実験,2年・3年・4年,X1,10号６・７Ｆ,前期,金Ⅲ・金Ⅳ,必修,2
工学部,S1007000,情報処理演習,3年・4年,X1,情教実習室Ｂ,前期,金Ⅲ・金Ⅳ,必修,2
工学部,S1008000,構造実験,3年・4年,X1,７－２０１・７－２０３,通年,水Ⅲ・水Ⅳ,必修,1
工学部,S1009000,水理実験,3年・4年,X1,７－２０５,通年,水Ⅲ・水Ⅳ,必修,1
工学部,S1010000,土質実験,3年・4年,X1,７－２０１・７－２０３,通年,水Ⅲ・水Ⅳ,必修,1
工学部,S1011000,材料実験,3年・4年,X1,７－２０１・７－２０３,通年,水Ⅲ・水Ⅳ,必修,1
工学部,S1012000,防災実習,3年・4年,X1,７－２０１・７－２０３,通年,水Ⅲ・水Ⅳ,必修,1
工学部,S1013000,卒業研究,4年,X1,,通年,時間外,必修,4
工学部,S1014000,測量学,1年・2年・3年・4年,X1,Ｇ２１１０,前期,月Ⅰ,必修,2
工学部,S1015000,測量実習,1年・2年・3年・4年,X1,７－２０６,前期,月Ⅲ・月Ⅳ,必修,2
工学部,S1016000,防災工学,2年・3年・4年,X1,１－５０２,前期,木Ⅳ,必修,2
工学部,S1017000,設計製図,3年・4年,X1,７－２０５,後期,木Ⅲ・木Ⅳ,必修,2
工学部,S1018000,コンクリート工学１,2年・3年・4年,X1,Ｇ２２１０,前期,水Ⅰ,必修,2
工学部,S1019000,構造力学１及び演習,1年・2年・3年・4年,X1,Ｇ２１１０,後期,月Ⅰ・木Ⅰ,必修,3
工学部,S1019000,構造力学１及び演習,2年・3年・4年,再履１,７－２０５,前期,月Ⅴ・月Ⅵ,必修,3
工学部,S1020000,構造力学２及び演習,2年・3年・4年,X1,Ｇ２１１０,前期,火Ⅲ・金Ⅱ,必修,3
工学部,S1020000,構造力学２及び演習,2年・3年・4年,再履１,７－２０５,後期,火Ⅴ・火Ⅵ,必修,3
工学部,S1021000,構造力学３及び演習,2年・3年・4年,X1,Ｇ２１１０・Ｇ２２１０,後期,火Ⅰ・金Ⅰ,必修,3
工学部,S1021000,構造力学３及び演習,3年・4年,再履１,７－２０５,前期,水Ⅴ・水Ⅵ,必修,3
工学部,S1022000,鉄筋コンクリート構造１,3年・4年,再履１,Ｇ２１１０,前期,火Ⅱ,必修,2
工学部,S1023000,水文学,3年・4年,X1,Ｇ２１１０,前期,木Ⅱ,必修,2
工学部,S1024000,水理学１及び演習,1年・2年・3年・4年,X1,Ｇ２１１０・Ｇ２２１０,後期,水Ⅰ・金Ⅲ,必修,3
工学部,S1024000,水理学１及び演習,2年・3年・4年,再履１,７－２０５,前期,金Ⅴ・金Ⅵ,必修,3
工学部,S1026000,土質力学１,3年・4年,再履１,７－２０２,前期,金Ⅴ,必修,2
工学部,S1027000,土質力学２,3年・4年,再履１,７－２０５,後期,金Ⅴ,必修,2
工学部,S1028000,土木計画学,2年・3年・4年,X1,Ｇ２１１０,前期,月Ⅳ,必修,2
工学部,S1028000,土木計画学,3年・4年,再履１,７－２０１,前期,水Ⅴ,必修,2
工学部,S1029000,建設総合実習,1年・2年・3年・4年,X1,,通年,時間外,必修,1
工学部,S1029000,建設総合実習,2年・3年・4年,X2,,通年,時間外,,
工学部,S1030000,セミナー人と自然,2年・3年・4年,X1,Ｇ２２１０・１－４０１・７－２０２,通年,水Ⅰ・水Ⅱ・金Ⅳ,必修,1
工学部,S1031000,セミナー人と技術,3年・4年,X1,１－３０３・１－５０１,通年,月Ⅲ・月Ⅳ・火Ⅲ,必修,1
工学部,S1032000,材料力学,1年,X1,Ｇ２１１０,前期,木Ⅳ,必修,2
工学部,S1032000,材料力学,1年,再履１,７－２０６,後期,月Ⅴ,必修,2
工学部,S1032000,材料力学,2年・3年・4年,再履２,７－２０１,前期,火Ⅴ,必修,2
工学部,S1033000,土質力学１及び演習,1年・2年・3年・4年,X1,Ｇ２２１０,後期,木Ⅲ・木Ⅳ,必修,3
工学部,S1034000,水理学２及び演習,2年・3年,X1,Ｇ２１１０・Ｇ１５１,前期,火Ⅱ・火Ⅳ,必修,3
工学部,S1034000,水理学２及び演習,2年・3年,再履１,７－２０１,後期,水Ⅴ・水Ⅵ,必修,3
工学部,S1035000,土質力学２及び演習,2年・3年,X1,Ｇ２２１０,前期,木Ⅰ・木Ⅱ,必修,3
工学部,S1035000,土質力学２及び演習,2年・3年,再履１,７－２０３,後期,金Ⅴ・金Ⅵ,必修,3
工学部,S1036000,土質力学３及び演習,2年・3年,X1,１－５０２,後期,金Ⅱ・金Ⅲ,必修,3
工学部,S1037000,鉄筋コンクリート構造１及び演習,3年,X1,Ｇ２１１０,前期,火Ⅱ・金Ⅰ,必修,3
工学部,S1038000,データサイエンス基礎数理,1年・2年,11,Ｇ３５０４,前期,木Ⅲ,必修,2
工学部,S1038000,データサイエンス基礎数理,1年・2年,21,Ｇ３３０２,前期,木Ⅲ,必修,2
工学部,S1039000,土木工学セミナー,1年・2年・3年・4年,X1,Ｇ２１１０・１－５０２・７－２０６,通年,月Ⅱ・火Ⅱ・金Ⅲ,必修,1
工学部,S1040000,建設基礎数学,1年・2年・3年・4年,X1,Ｇ２１１０,前期,水Ⅰ,必修,2
工学部,S1040000,建設基礎数学,1年・2年・3年・4年,再履１,７－２０１,後期,金Ⅴ,必修,2
工学部,S2001000,微分積分２及び演習,1年,11,Ｇ２２０８,後期,火Ⅲ・火Ⅳ,選択,3
工学部,S2001000,微分積分２及び演習,1年・2年・3年・4年,21,Ｇ２２０９,後期,火Ⅲ・火Ⅳ,選択,3
工学部,S2001000,微分積分２及び演習,2年・3年・4年,再履１,Ｇ２２０８,前期,木Ⅴ・木Ⅵ,選択,3
工学部,S2002000,微分方程式,2年・3年・4年,X1,Ｇ２４０７,後期,水Ⅱ,選択,2
工学部,S2003000,確率・統計,2年・3年・4年,X1,Ｇ２４０８,後期,月Ⅲ,選択,2
工学部,S2004000,物理学（電磁気学）,2年・3年・4年,X1,１－５０２,後期,月Ⅱ,選択,2
工学部,S2005000,化学１,1年・2年・3年・4年,X1,１－３０３,前期,火Ⅴ,選択,2
工学部,S2006000,化学２,1年・2年・3年・4年,X1,Ｇ３５０４,後期,水Ⅱ,選択,2
工学部,S2007000,職業指導,4年,X1,Ｇ１５１,後期,木Ⅳ,選択,2
工学部,S2008000,情報数学,2年・3年・4年,X1,セ－実習室１,後期,木Ⅳ,選択,2
工学部,S2011000,生態工学,2年・3年・4年,X1,７－２０６,後期,木Ⅱ,選択,2
工学部,S2013000,応用測量学及び演習,1年・2年・3年・4年,X1,Ｇ２２１０,後期,月Ⅲ・月Ⅳ,選択,3
工学部,S2014000,都市計画,3年・4年,X1,７－２０１,前期,火Ⅲ,選択,2
工学部,S2015000,地震工学,3年・4年,X1,７－２０１,前期,水Ⅰ,選択,2
工学部,S2017000,コンクリート工学２,2年・3年・4年,X1,７－２０３,後期,木Ⅰ,選択,2
工学部,S2018000,耐震工学,3年・4年,X1,７－２０５,前期,火Ⅰ,選択,2
工学部,S2019000,鉄筋コンクリート構造１演習,3年・4年,再履１,Ｇ２１１０,前期,金Ⅰ,選択,1
工学部,S2020000,鉄筋コンクリート構造２,3年・4年,X1,７－２０３,後期,月Ⅰ,選択,2
工学部,S2021000,鋼構造学,3年,X1,７－２０５,前期,木Ⅳ,選択,2
工学部,S2021000,鋼構造学,4年,X2,７－２０５,前期,木Ⅳ,選択,2
工学部,S2023000,河川工学,3年・4年,X1,Ｇ２１１０,後期,木Ⅱ,選択,2
工学部,S2024000,海岸・津波工学,3年,X1,７－２０２,前期,月Ⅱ,選択,2
工学部,S2024000,海岸・津波工学,4年,X2,７－２０２,前期,月Ⅱ,選択,2
工学部,S2027000,地盤工学１,3年・4年,再履１,７－２０６,前期,木Ⅲ,選択,2
工学部,S2028000,地盤工学２,4年,X1,７－２０６,前期,木Ⅲ,選択,2
工学部,S2029000,交通工学,2年・3年・4年,X1,７－２０１,後期,火Ⅲ,選択,2
工学部,S2030000,維持管理工学,3年,X1,７－２０５,後期,火Ⅱ,選択,2
工学部,S2030000,維持管理工学,4年,X2,７－２０５,後期,火Ⅱ,選択,2
工学部,S2031000,建設行政,3年・4年,X1,７－２０６,後期,木Ⅰ,選択,2
工学部,S2032000,橋梁工学,3年,X1,７－２０６,後期,金Ⅲ,選択,2
工学部,S2032000,橋梁工学,4年,X2,７－２０６,後期,金Ⅲ,選択,2
工学部,S2033000,防災地質学,2年・3年・4年,X1,１－３０３,後期,火Ⅱ,選択,2
工学部,S2034000,土木施工,3年・4年,X1,７－２０１,後期,月Ⅱ,選択,2
工学部,S2035000,学外協働実習,1年・2年・3年・4年,X1,,前期,集中,選択,1
工学部,S2039000,工学基礎数理,2年・3年・4年,再履１,Ｇ２３１０,前期,火Ⅴ,選択,2
工学部,S2040000,環境アセスメント,2年・3年,X1,Ｇ２３１１,前期,火Ⅰ,選択,2
工学部,S2041000,地盤工学,3年,X1,７－２０６,前期,木Ⅲ,選択,2
工学部,S2042000,ランドスケープデザイン,2年・3年・4年,X1,Ｇ１５２,前期,月Ⅲ,選択,2
工学部,S2043000,環境工学,2年・3年・4年,X1,７－２０６,後期,月Ⅱ,選択,2
工学部,S2044000,生物学・生態学,1年・2年・3年・4年,X1,Ｇ２２１０,前期,水Ⅱ,選択,2
工学部,S2045000,環境実習,3年・4年,X1,７－２０１・７－２０３,通年,水Ⅲ・水Ⅳ,選択,1
工学部,S2046000,情報リテラシ,1年・2年・3年・4年,X1,Ｇ２２１０,前期,月Ⅱ,選択,2
工学部,S2050000,インターンシップ,1年・2年・3年・4年,X1,,後期,集中,選択,2
工学部,V0103000,プログラミング１及び演習,2年・3年・4年,再履１,ＥＲ２２２・情教実習室,前期,月Ⅲ・月Ⅳ,必修,3
工学部,V0201000,技術者倫理,4年,X1,Ｇ２５０６,前期,月Ⅳ,選択,2
工学部,V0203000,キャリア意識形成,2年,12,１２－３０３,前期,木Ⅳ,選択,2
工学部,V0203000,キャリア意識形成,2年,22,１２－２０１,後期,木Ⅳ,選択,2
工学部,V0208000,キャリアデザイン,3年・4年,11,Ｇ３３０２,後期,月Ⅲ,選択,2
工学部,V0208000,キャリアデザイン,3年・4年,21,Ｇ３３０３,後期,月Ⅲ,選択,2
工学部,V1001000,線形代数１,1年・2年・3年・4年,11,Ｇ２３１０,前期,月Ⅰ,必修,2
工学部,V1001000,線形代数１,1年・2年・3年・4年,21,Ｇ２３１１,前期,月Ⅰ,必修,2
工学部,V1002000,線形代数２,1年・2年・3年・4年,11,Ｇ２３１０,後期,月Ⅰ,必修,2
工学部,V1002000,線形代数２,1年・2年・3年・4年,21,Ｇ２３１１,後期,月Ⅰ,必修,2
工学部,V1003000,微分積分１及び演習,1年,11,１－４０１,前期,木Ⅰ・木Ⅱ,必修,3
工学部,V1003000,微分積分１及び演習,1年・2年・3年・4年,21,Ｇ３３０３,前期,木Ⅰ・木Ⅱ,必修,3
工学部,V1003000,微分積分１及び演習,1年・2年・3年・4年,再履１,Ｇ２２０８,後期,水Ⅴ・水Ⅵ,必修,3
工学部,V1003000,微分積分１及び演習,1年・2年・3年・4年,再履２,Ｇ２２０８,後期,木Ⅴ・木Ⅵ,必修,3
工学部,V1007000,物理学（力学）,1年,11,Ｇ２２０９,後期,火Ⅰ,必修,2
工学部,V1007000,物理学（力学）,1年・2年・3年・4年,21,Ｇ２２０９,後期,火Ⅱ,必修,2
工学部,V1007000,物理学（力学）,2年・3年・4年,再履１,Ｇ２２０９,前期,木Ⅴ,必修,2
工学部,V1007000,物理学（力学）,2年・3年・4年,再履２,Ｇ２２０８,前期,火Ⅴ,必修,2
工学部,V1007000,物理学（力学）,1年・2年・3年・4年,再履３,Ｇ２２０８,後期,火Ⅴ,必修,2
工学部,V1009000,物理実験,2年・3年・4年,X1,10号６・７Ｆ,後期,水Ⅲ・水Ⅳ,必修,2
工学部,V1010000,プログラミング１及び演習,1年,11,ＥＲ２２２・情教実習室,前期,月Ⅱ・月Ⅲ,必修,3
工学部,V1010000,プログラミング１及び演習,1年,21,ＥＲ２２２・情教実習室,前期,月Ⅲ・月Ⅳ,必修,3
工学部,V1011000,プログラミング２及び演習,1年,11,ＥＲ２２２・情教実習室,後期,月Ⅱ・月Ⅲ,必修,3
工学部,V1011000,プログラミング２及び演習,1年,21,ＥＲ２２２・情教実習室,後期,月Ⅲ・月Ⅳ,必修,3
工学部,V1011000,プログラミング２及び演習,2年・3年・4年,再履１,ＥＲ２２２・情教実習室,後期,月Ⅲ・月Ⅳ,必修,3
工学部,V1012000,電気磁気学１及び演習,1年,11,８－２０５,後期,水Ⅰ・水Ⅱ,必修,3
工学部,V1012000,電気磁気学１及び演習,1年,21,ＥＲ２２２,後期,水Ⅰ・水Ⅱ,必修,3
工学部,V1012000,電気磁気学１及び演習,2年・3年・4年,再履１,８－２０５,後期,水Ⅰ・水Ⅱ,必修,3
工学部,V1012000,電気磁気学１及び演習,2年・3年・4年,再履２,ＥＲ２２２,後期,水Ⅰ・水Ⅱ,必修,3
工学部,V1013000,電気磁気学２及び演習,2年,11,ＥＲ２２２,前期,金Ⅰ・金Ⅱ,必修,3
工学部,V1013000,電気磁気学２及び演習,2年,21,８－２０５,前期,金Ⅰ・金Ⅱ,必修,3
工学部,V1013000,電気磁気学２及び演習,3年・4年,再履１,ＥＲ２２２,前期,金Ⅰ・金Ⅱ,必修,3
工学部,V1013000,電気磁気学２及び演習,3年・4年,再履２,８－２０５,前期,金Ⅰ・金Ⅱ,必修,3
工学部,V1014000,電気回路１及び演習,1年,11,ＥＲ２２２,後期,金Ⅰ・金Ⅱ,必修,3
工学部,V1014000,電気回路１及び演習,1年,21,８－２０５,後期,金Ⅰ・金Ⅱ,必修,3
工学部,V1014000,電気回路１及び演習,2年・3年・4年,再履１,ＥＲ２２２,後期,金Ⅰ・金Ⅱ,必修,3
工学部,V1014000,電気回路１及び演習,2年・3年・4年,再履２,８－２０５,後期,金Ⅰ・金Ⅱ,必修,3
工学部,V1015000,電気回路２及び演習,2年,11,ＥＲ２２２,前期,木Ⅰ・木Ⅱ,必修,3
工学部,V1015000,電気回路２及び演習,2年,21,ＥＲ３２２,前期,木Ⅰ・木Ⅱ,必修,3
工学部,V1015000,電気回路２及び演習,3年・4年,再履１,ＥＲ２２２,前期,木Ⅰ・木Ⅱ,必修,3
工学部,V1015000,電気回路２及び演習,3年・4年,再履２,ＥＲ３２２,前期,木Ⅰ・木Ⅱ,必修,3
工学部,V1016000,アナログ回路１,2年,11,ＥＲ２２２,前期,水Ⅲ,必修,2
工学部,V1016000,アナログ回路１,2年,21,８－２０５,前期,水Ⅲ,必修,2
工学部,V1016000,アナログ回路１,3年・4年,再履１,ＥＲ２２２,前期,水Ⅲ,必修,2
工学部,V1016000,アナログ回路１,3年・4年,再履２,８－２０５,前期,水Ⅲ,必修,2
工学部,V1017000,ディジタル回路１,2年,11,ＥＲ２２２,前期,火Ⅱ,必修,2
工学部,V1017000,ディジタル回路１,2年,21,ＥＲ３２２,前期,火Ⅱ,必修,2
工学部,V1017000,ディジタル回路１,3年・4年,再履１,ＥＲ２２２,前期,火Ⅱ,必修,2
工学部,V1017000,ディジタル回路１,3年・4年,再履２,ＥＲ３２２,前期,火Ⅱ,必修,2
工学部,V1018000,電子情報工学実験１,3年・4年,11,ＥＲ３２４,前期,火Ⅲ・火Ⅳ,必修,2
工学部,V1018000,電子情報工学実験１,3年・4年,21,ＥＲ３２４,後期,金Ⅲ・金Ⅳ,必修,2
工学部,V1018000,電子情報工学実験１,3年・4年,31,ＥＲ３２４,前期,金Ⅲ・金Ⅳ,必修,2
工学部,V1018000,電子情報工学実験１,3年・4年,41,ＥＲ３２４,後期,火Ⅲ・火Ⅳ,必修,2
工学部,V1019000,電子情報工学実験２,3年・4年,11,８－３０３,前期,金Ⅲ・金Ⅳ,必修,2
工学部,V1019000,電子情報工学実験２,3年・4年,21,８－３０４,前期,火Ⅲ・火Ⅳ,必修,2
工学部,V1019000,電子情報工学実験２,3年・4年,31,８－３０４,後期,火Ⅲ・火Ⅳ,必修,2
工学部,V1019000,電子情報工学実験２,3年・4年,41,８－３０４,後期,金Ⅲ・金Ⅳ,必修,2
工学部,V1020000,電子情報工学実験３,3年・4年,11,８－１０２,後期,金Ⅲ・金Ⅳ,必修,2
工学部,V1020000,電子情報工学実験３,3年・4年,21,８－１０２,前期,金Ⅲ・金Ⅳ,必修,2
工学部,V1020000,電子情報工学実験３,3年・4年,31,８－１０２,後期,水Ⅰ・水Ⅱ,必修,2
工学部,V1020000,電子情報工学実験３,3年・4年,41,８－１０２,前期,水Ⅰ・水Ⅱ,必修,2
工学部,V1021000,電子情報工学実験４,3年・4年,11,ＥＲ３２３,後期,水Ⅰ・水Ⅱ,必修,2
工学部,V1021000,電子情報工学実験４,3年・4年,21,ＥＲ３２３,前期,水Ⅰ・水Ⅱ,必修,2
工学部,V1021000,電子情報工学実験４,3年・4年,31,ＥＲ３２３,後期,金Ⅲ・金Ⅳ,必修,2
工学部,V1021000,電子情報工学実験４,3年・4年,41,ＥＲ３２３,前期,金Ⅲ・金Ⅳ,必修,2
工学部,V1022000,電子情報工学実験５,3年・4年,11,８－１０４,前期,水Ⅰ・水Ⅱ,必修,2
工学部,V1022000,電子情報工学実験５,3年・4年,21,８－１０４,後期,火Ⅲ・火Ⅳ,必修,2
工学部,V1022000,電子情報工学実験５,3年・4年,31,８－１０４,前期,火Ⅲ・火Ⅳ,必修,2
工学部,V1022000,電子情報工学実験５,3年・4年,41,８－１０４,後期,水Ⅰ・水Ⅱ,必修,2
工学部,V1023000,電子情報工学実験６,3年・4年,11,８－３０３,後期,火Ⅲ・火Ⅳ,必修,2
工学部,V1023000,電子情報工学実験６,3年・4年,21,８－３０３,後期,水Ⅰ・水Ⅱ,必修,2
工学部,V1023000,電子情報工学実験６,3年・4年,31,８－３０３,前期,水Ⅰ・水Ⅱ,必修,2
工学部,V1023000,電子情報工学実験６,3年・4年,41,８－３０３,前期,火Ⅲ・火Ⅳ,必修,2
工学部,V1024000,卒業研究,4年,X1,,通年,時間外,必修,4
工学部,V1025000,データサイエンス基礎数理,1年・2年,11,Ｇ２５１,前期,火Ⅰ,必修,2
工学部,V1025000,データサイエンス基礎数理,1年・2年,21,１－３０３,前期,火Ⅰ,必修,2
工学部,V1026000,電子情報工学セミナー,1年・2年・3年・4年,X1,１２－ゼミ室,通年,水Ⅳ,必修,1
工学部,V2001000,確率・統計,2年・3年・4年,X1,１－５０２,前期,月Ⅱ,選択,2
工学部,V2003000,量子物理,2年・3年・4年,11,Ｇ２４０７,後期,月Ⅰ,選択,2
工学部,V2003000,量子物理,2年・3年・4年,21,Ｇ３４０３,後期,木Ⅰ,選択,2
工学部,V2003000,量子物理,2年・3年・4年,Z9,Ｇ３４０３,後期,木Ⅰ,選択,2
工学部,V2005000,化学,1年・2年・3年・4年,A1,Ｇ１５１,前期,金Ⅳ,選択,2
工学部,V2005000,化学,1年・2年・3年・4年,B1,Ｇ１５１,前期,金Ⅱ,選択,2
工学部,V2006000,プログラミング３,2年・3年・4年,X1,ＥＲ２２２,前期,火Ⅳ,選択,2
工学部,V2008000,電気回路３,2年・3年・4年,11,８－２０３,後期,月Ⅱ,選択,2
工学部,V2008000,電気回路３,2年・3年・4年,21,８－２０３,後期,月Ⅲ,選択,2
工学部,V2009000,アナログ回路２,2年・3年・4年,11,ＥＲ２２２,後期,火Ⅱ,選択,2
工学部,V2009000,アナログ回路２,2年・3年・4年,21,ＥＲ３２２,後期,火Ⅰ,選択,2
工学部,V2010000,ディジタル回路２,2年・3年・4年,X1,１－５０１,後期,金Ⅰ,選択,2
工学部,V2013000,電子デバイス工学,3年・4年,X1,８－２０５,後期,木Ⅰ,選択,2
工学部,V2021000,制御工学,3年・4年,X1,８－２０５,前期,月Ⅱ,選択,2
工学部,V2026000,電磁波工学,4年,X1,ＥＲ３２２,前期,月Ⅲ,選択,2
工学部,V2028000,通信システム１,3年・4年,X1,Ｇ２２１０,前期,火Ⅰ,選択,2
工学部,V2029000,通信システム２,3年・4年,X1,１－４０１,後期,木Ⅲ,選択,2
工学部,V2030000,通信ネットワーク,3年・4年,X1,８－２０５,前期,月Ⅰ,選択,2
工学部,V2031000,電波・通信法規,4年,X1,ＥＲ３２２,前期,月Ⅱ,選択,2
工学部,V2033000,職業指導,4年,X1,Ｇ１５１,後期,木Ⅲ,選択,2
工学部,V2038000,工学基礎数理,2年・3年・4年,再履１,Ｇ２３１０,前期,火Ⅴ,選択,2
工学部,V2039000,微分積分２及び演習,1年,11,Ｇ１５２,後期,木Ⅰ・木Ⅱ,選択,3
工学部,V2039000,微分積分２及び演習,1年・2年・3年・4年,21,Ｇ３５０４,後期,木Ⅰ・木Ⅱ,選択,3
工学部,V2039000,微分積分２及び演習,2年・3年・4年,再履１,Ｇ２２０８,前期,木Ⅴ・木Ⅵ,選択,3
工学部,V2040000,微分方程式,2年・3年・4年,11,Ｇ１５１,前期,水Ⅳ,選択,2
工学部,V2040000,微分方程式,2年・3年・4年,21,Ｇ１５２,前期,水Ⅳ,選択,2
工学部,V2041000,フーリエ解析,2年・3年・4年,11,Ｇ１５１,後期,金Ⅲ,選択,2
工学部,V2041000,フーリエ解析,2年・3年・4年,21,Ｇ１５２,後期,金Ⅲ,選択,2
工学部,V2042000,物理学（波動）,2年・3年・4年,11,Ｇ２５１,前期,月Ⅰ,選択,2
工学部,V2042000,物理学（波動）,2年・3年・4年,21,Ｇ１５１,前期,月Ⅰ,選択,2
工学部,V2043000,電子情報工学概論,1年・2年・3年・4年,X1,Ｇ２１１０,前期,金Ⅲ,選択,2
工学部,V2044000,電磁界理論,2年・3年・4年,X1,ＥＲ２２２,後期,木Ⅱ,選択,2
工学部,V2045000,電気電子計測,2年・3年・4年,11,ＥＲ２２２,後期,火Ⅰ,選択,2
工学部,V2045000,電気電子計測,2年・3年・4年,21,ＥＲ３２２,後期,火Ⅱ,選択,2
工学部,V2046000,電気電子材料学１,2年・3年・4年,X1,ＥＲ２２２,後期,月Ⅳ,選択,2
工学部,V2047000,電気電子材料学２,3年・4年,X1,８－２０５,前期,木Ⅱ,選択,2
工学部,V2048000,電気機器設計・製図,4年,X1,ＥＲ３２２,前期,木Ⅲ・木Ⅳ,選択,2
工学部,V2049000,真空気体電子工学,3年・4年,X1,８－２０５,後期,月Ⅱ,選択,2
工学部,V2050000,オプトエレクトロニクス,3年・4年,X1,８－２０５,後期,火Ⅰ,選択,2
工学部,V2051000,計算機工学,3年・4年,X1,１－５０２,前期,金Ⅱ,選択,2
工学部,V2052000,組込システム,2年・3年・4年,11,ＥＲ３２２,後期,月Ⅲ,選択,2
工学部,V2052000,組込システム,2年・3年・4年,21,ＥＲ３２２,後期,月Ⅱ,選択,2
工学部,V2053000,ロボティクス,3年・4年,X1,８－２０５,後期,木Ⅱ,選択,2
工学部,V2053000,ロボティクス,3年・4年,Z9,８－２０５,後期,木Ⅱ,選択,2
工学部,V2054000,画像音響工学,3年・4年,X1,８－２０５,後期,火Ⅱ,選択,2
工学部,V2055000,情報伝送工学,3年・4年,X1,８－２０５,前期,木Ⅰ,選択,2
工学部,V2056000,電気実用英語,3年・4年,X1,Ｇ２１１０,後期,水Ⅲ,選択,2
工学部,V2057000,電気技術英語,3年・4年,X1,８－２０５,前期,月Ⅲ,選択,2
工学部,V2058000,電気電子工学基礎,1年・2年・3年・4年,11,８－２０３,前期,火Ⅱ,選択,2
工学部,V2058000,電気電子工学基礎,1年・2年・3年・4年,21,８－２０５,前期,火Ⅱ,選択,2
工学部,V2062000,インターンシップ,1年・2年・3年・4年,X1,,後期,集中,選択,2